2026-05-16 16:01:30 +0000 [MT] Rejected distribution method <IDEDistributionMethodMacAppStoreDistribution: 0xa04337970> because it doesn't support distributing archive
2026-05-16 16:01:30 +0000 [MT] Accepted distribution method <IDEDistributionMethodiOSAppStoreDistribution: 0xa043373d0>
2026-05-16 16:01:30 +0000 [MT] Rejected distribution method <IDEDistributionMethodTVOSAppStoreDistribution: 0xa04336fd0> because it doesn't support distributing archive
2026-05-16 16:01:30 +0000 [MT] Rejected distribution method <IDEDistributionMethodAppStoreDistributionVisionOS: 0xa043364b0> because it doesn't support distributing archive
2026-05-16 16:01:30 +0000 [MT] Rejected distribution method <IDEDistributionMethodMacAdHoc: 0xa04336f90> because it doesn't support distributing archive
2026-05-16 16:01:30 +0000 [MT] Rejected distribution method <IDEDistributionMethodTVOSAdHoc: 0xa04336f30> because it doesn't support distributing archive
2026-05-16 16:01:30 +0000 [MT] Accepted distribution method <IDEDistributionMethodiOSAdHoc: 0xa04337980>
2026-05-16 16:01:30 +0000 [MT] Rejected distribution method <IDEDistributionMethodAdHocVisionOS: 0xa04336de0> because it doesn't support distributing archive
2026-05-16 16:01:30 +0000 [MT] Rejected distribution method <IDEDistributionMethodWatchOSAdHoc: 0xa04336480> because it doesn't support distributing archive
2026-05-16 16:01:30 +0000 [MT] Accepted distribution method <IDEDistributionMethodiOSEnterprise: 0xa04337960>
2026-05-16 16:01:30 +0000 [MT] Rejected distribution method <IDEDistributionMethodTVOSEnterprise: 0xa04336e40> because it doesn't support distributing archive
2026-05-16 16:01:30 +0000 [MT] Rejected distribution method <IDEDistributionMethodWatchOSEnterprise: 0xa04336ea0> because it doesn't support distributing archive
2026-05-16 16:01:30 +0000 [MT] Rejected distribution method <IDEDistributionMethodEnterpriseVisionOS: 0xa04336ff0> because it doesn't support distributing archive
2026-05-16 16:01:30 +0000 [MT] Accepted distribution method <IDEDistributionMethodDevelopmentSigned: 0xa04336df0>
2026-05-16 16:01:30 +0000 [MT] Rejected distribution method <IDEDistributionMethodDevelopmentSignedVisionOS: 0xa04336e70> because it doesn't support distributing archive
2026-05-16 16:01:30 +0000 [MT] Rejected distribution method <IDEDistributionMethodWatchOSDevelopmentSigned: 0xa043364f0> because it doesn't support distributing archive
2026-05-16 16:01:30 +0000 [MT] Rejected distribution method <IDEDistributionMethodTVOSDevelopmentSigned: 0xa043364d0> because it doesn't support distributing archive
2026-05-16 16:01:30 +0000 [MT] Rejected distribution method <IDEDistributionMethodDeveloperID: 0xa04336f60> because it doesn't support distributing archive
2026-05-16 16:01:30 +0000 [MT] Rejected distribution method <IDEDistributionMethodDeveloperIDNotarizedApp: 0xa04336e20> because it doesn't support distributing archive
2026-05-16 16:01:30 +0000 [MT] Rejected distribution method <IDEDistributionMethodSaveBuiltProducts: 0xa04336510> because it doesn't support distributing archive
2026-05-16 16:01:30 +0000 [MT] Rejected distribution method <IDEDistributionMethodDevelopmentSignedMac: 0xa04337050> because it doesn't support distributing archive
2026-05-16 16:01:30 +0000 [MT] Rejected distribution method <IDEDistributionMethodMacApplication: 0xa04337020> because it doesn't support distributing archive
2026-05-16 16:01:30 +0000 [MT] Rejected distribution method <IDEDistributionMethodTVOSAppStoreValidation: 0xa04336ef0> because it doesn't support distributing archive
2026-05-16 16:01:30 +0000 [MT] Rejected distribution method <IDEDistributionMethodMacAppStoreValidation: 0xa04336f40> because it doesn't support distributing archive
2026-05-16 16:01:30 +0000 [MT] Rejected distribution method <IDEDistributionMethodiOSAppStoreValidation: 0xa043379c0> because it doesn't support distributing archive
2026-05-16 16:01:30 +0000 [MT] Rejected distribution method <IDEDistributionMethodAppStoreValidationVisionOS: 0xa04336e90> because it doesn't support distributing archive
2026-05-16 16:01:30 +0000 [MT] Rejected distribution method <IDEDistributionMethodExportArchive: 0xa04336530> because it doesn't support distributing archive
2026-05-16 16:01:39 +0000  Rejected distribution method <IDEDistributionMethodMacAppStoreDistribution: 0xa04337970> because it doesn't support distributing archive
2026-05-16 16:01:39 +0000  Accepted distribution method <IDEDistributionMethodiOSAppStoreDistribution: 0xa043373d0>
2026-05-16 16:01:39 +0000  Rejected distribution method <IDEDistributionMethodTVOSAppStoreDistribution: 0xa04336fd0> because it doesn't support distributing archive
2026-05-16 16:01:39 +0000  Rejected distribution method <IDEDistributionMethodAppStoreDistributionVisionOS: 0xa043364b0> because it doesn't support distributing archive
2026-05-16 16:01:39 +0000  Rejected distribution method <IDEDistributionMethodMacAdHoc: 0xa04336f90> because it doesn't support distributing archive
2026-05-16 16:01:39 +0000  Rejected distribution method <IDEDistributionMethodTVOSAdHoc: 0xa04336f30> because it doesn't support distributing archive
2026-05-16 16:01:39 +0000  Accepted distribution method <IDEDistributionMethodiOSAdHoc: 0xa04337980>
2026-05-16 16:01:39 +0000  Rejected distribution method <IDEDistributionMethodAdHocVisionOS: 0xa04336de0> because it doesn't support distributing archive
2026-05-16 16:01:39 +0000  Rejected distribution method <IDEDistributionMethodWatchOSAdHoc: 0xa04336480> because it doesn't support distributing archive
2026-05-16 16:01:39 +0000  Accepted distribution method <IDEDistributionMethodiOSEnterprise: 0xa04337960>
2026-05-16 16:01:39 +0000  Rejected distribution method <IDEDistributionMethodTVOSEnterprise: 0xa04336e40> because it doesn't support distributing archive
2026-05-16 16:01:39 +0000  Rejected distribution method <IDEDistributionMethodWatchOSEnterprise: 0xa04336ea0> because it doesn't support distributing archive
2026-05-16 16:01:39 +0000  Rejected distribution method <IDEDistributionMethodEnterpriseVisionOS: 0xa04336ff0> because it doesn't support distributing archive
2026-05-16 16:01:39 +0000  Accepted distribution method <IDEDistributionMethodDevelopmentSigned: 0xa04336df0>
2026-05-16 16:01:39 +0000  Rejected distribution method <IDEDistributionMethodDevelopmentSignedVisionOS: 0xa04336e70> because it doesn't support distributing archive
2026-05-16 16:01:39 +0000  Rejected distribution method <IDEDistributionMethodWatchOSDevelopmentSigned: 0xa043364f0> because it doesn't support distributing archive
2026-05-16 16:01:39 +0000  Rejected distribution method <IDEDistributionMethodTVOSDevelopmentSigned: 0xa043364d0> because it doesn't support distributing archive
2026-05-16 16:01:39 +0000  Rejected distribution method <IDEDistributionMethodDeveloperID: 0xa04336f60> because it doesn't support distributing archive
2026-05-16 16:01:39 +0000  Rejected distribution method <IDEDistributionMethodDeveloperIDNotarizedApp: 0xa04336e20> because it doesn't support distributing archive
2026-05-16 16:01:39 +0000  Rejected distribution method <IDEDistributionMethodSaveBuiltProducts: 0xa04336510> because it doesn't support distributing archive
2026-05-16 16:01:39 +0000  Rejected distribution method <IDEDistributionMethodDevelopmentSignedMac: 0xa04337050> because it doesn't support distributing archive
2026-05-16 16:01:39 +0000  Rejected distribution method <IDEDistributionMethodMacApplication: 0xa04337020> because it doesn't support distributing archive
2026-05-16 16:01:39 +0000  Rejected distribution method <IDEDistributionMethodTVOSAppStoreValidation: 0xa04336ef0> because it doesn't support distributing archive
2026-05-16 16:01:39 +0000  Rejected distribution method <IDEDistributionMethodMacAppStoreValidation: 0xa04336f40> because it doesn't support distributing archive
2026-05-16 16:01:39 +0000  Rejected distribution method <IDEDistributionMethodiOSAppStoreValidation: 0xa043379c0> because it doesn't support distributing archive
2026-05-16 16:01:39 +0000  Rejected distribution method <IDEDistributionMethodAppStoreValidationVisionOS: 0xa04336e90> because it doesn't support distributing archive
2026-05-16 16:01:39 +0000  Rejected distribution method <IDEDistributionMethodExportArchive: 0xa04336530> because it doesn't support distributing archive
2026-05-16 16:01:39 +0000  Available distribution methods: {(
    <IDEDistributionMethodiOSAppStoreDistribution: 0xa043373d0>,
    <IDEDistributionMethodiOSAdHoc: 0xa04337980>,
    <IDEDistributionMethodiOSEnterprise: 0xa04337960>,
    <IDEDistributionMethodDevelopmentSigned: 0xa04336df0>
)}
2026-05-16 16:01:39 +0000  Rejected distribution method <IDEDistributionMethodMacAppStoreDistribution: 0xa04337970> because it doesn't support distributing archive
2026-05-16 16:01:39 +0000  Accepted distribution method <IDEDistributionMethodiOSAppStoreDistribution: 0xa043373d0>
2026-05-16 16:01:39 +0000  Rejected distribution method <IDEDistributionMethodTVOSAppStoreDistribution: 0xa04336fd0> because it doesn't support distributing archive
2026-05-16 16:01:39 +0000  Rejected distribution method <IDEDistributionMethodAppStoreDistributionVisionOS: 0xa043364b0> because it doesn't support distributing archive
2026-05-16 16:01:39 +0000  Rejected distribution method <IDEDistributionMethodMacAdHoc: 0xa04336f90> because it doesn't support distributing archive
2026-05-16 16:01:39 +0000  Rejected distribution method <IDEDistributionMethodTVOSAdHoc: 0xa04336f30> because it doesn't support distributing archive
2026-05-16 16:01:39 +0000  Accepted distribution method <IDEDistributionMethodiOSAdHoc: 0xa04337980>
2026-05-16 16:01:39 +0000  Rejected distribution method <IDEDistributionMethodAdHocVisionOS: 0xa04336de0> because it doesn't support distributing archive
2026-05-16 16:01:39 +0000  Rejected distribution method <IDEDistributionMethodWatchOSAdHoc: 0xa04336480> because it doesn't support distributing archive
2026-05-16 16:01:39 +0000  Accepted distribution method <IDEDistributionMethodiOSEnterprise: 0xa04337960>
2026-05-16 16:01:39 +0000  Rejected distribution method <IDEDistributionMethodTVOSEnterprise: 0xa04336e40> because it doesn't support distributing archive
2026-05-16 16:01:39 +0000  Rejected distribution method <IDEDistributionMethodWatchOSEnterprise: 0xa04336ea0> because it doesn't support distributing archive
2026-05-16 16:01:39 +0000  Rejected distribution method <IDEDistributionMethodEnterpriseVisionOS: 0xa04336ff0> because it doesn't support distributing archive
2026-05-16 16:01:39 +0000  Accepted distribution method <IDEDistributionMethodDevelopmentSigned: 0xa04336df0>
2026-05-16 16:01:39 +0000  Rejected distribution method <IDEDistributionMethodDevelopmentSignedVisionOS: 0xa04336e70> because it doesn't support distributing archive
2026-05-16 16:01:39 +0000  Rejected distribution method <IDEDistributionMethodWatchOSDevelopmentSigned: 0xa043364f0> because it doesn't support distributing archive
2026-05-16 16:01:39 +0000  Rejected distribution method <IDEDistributionMethodTVOSDevelopmentSigned: 0xa043364d0> because it doesn't support distributing archive
2026-05-16 16:01:39 +0000  Rejected distribution method <IDEDistributionMethodDeveloperID: 0xa04336f60> because it doesn't support distributing archive
2026-05-16 16:01:39 +0000  Rejected distribution method <IDEDistributionMethodDeveloperIDNotarizedApp: 0xa04336e20> because it doesn't support distributing archive
2026-05-16 16:01:39 +0000  Rejected distribution method <IDEDistributionMethodSaveBuiltProducts: 0xa04336510> because it doesn't support distributing archive
2026-05-16 16:01:39 +0000  Rejected distribution method <IDEDistributionMethodDevelopmentSignedMac: 0xa04337050> because it doesn't support distributing archive
2026-05-16 16:01:39 +0000  Rejected distribution method <IDEDistributionMethodMacApplication: 0xa04337020> because it doesn't support distributing archive
2026-05-16 16:01:39 +0000  Rejected distribution method <IDEDistributionMethodTVOSAppStoreValidation: 0xa04336ef0> because it doesn't support distributing archive
2026-05-16 16:01:39 +0000  Rejected distribution method <IDEDistributionMethodMacAppStoreValidation: 0xa04336f40> because it doesn't support distributing archive
2026-05-16 16:01:39 +0000  Rejected distribution method <IDEDistributionMethodiOSAppStoreValidation: 0xa043379c0> because it doesn't support distributing archive
2026-05-16 16:01:39 +0000  Rejected distribution method <IDEDistributionMethodAppStoreValidationVisionOS: 0xa04336e90> because it doesn't support distributing archive
2026-05-16 16:01:39 +0000  Rejected distribution method <IDEDistributionMethodExportArchive: 0xa04336530> because it doesn't support distributing archive
2026-05-16 16:01:39 +0000  Available distribution methods: {(
    <IDEDistributionMethodiOSAppStoreDistribution: 0xa043373d0>,
    <IDEDistributionMethodiOSAdHoc: 0xa04337980>,
    <IDEDistributionMethodiOSEnterprise: 0xa04337960>,
    <IDEDistributionMethodDevelopmentSigned: 0xa04336df0>
)}
2026-05-16 16:01:39 +0000  IDEDistributionItem init <DVTFilePath:0x9c7b83a30:'/Users/karthik/Library/Developer/Xcode/Archives/2026-05-16/ZICABELLA 16-05-26, 9.23 PM.xcarchive/Products/Applications/ZicaBella.app/Frameworks/RazorpayCore.framework'>
2026-05-16 16:01:39 +0000  IDEDistributionItem init <DVTFilePath:0xa1c1e03c0:'/Users/karthik/Library/Developer/Xcode/Archives/2026-05-16/ZICABELLA 16-05-26, 9.23 PM.xcarchive/Products/Applications/ZicaBella.app/Frameworks/React.framework'>
2026-05-16 16:01:39 +0000  IDEDistributionItem init <DVTFilePath:0x9c7b81f80:'/Users/karthik/Library/Developer/Xcode/Archives/2026-05-16/ZICABELLA 16-05-26, 9.23 PM.xcarchive/Products/Applications/ZicaBella.app/Frameworks/Razorpay.framework'>
2026-05-16 16:01:39 +0000  IDEDistributionItem init <DVTFilePath:0x9c7b82300:'/Users/karthik/Library/Developer/Xcode/Archives/2026-05-16/ZICABELLA 16-05-26, 9.23 PM.xcarchive/Products/Applications/ZicaBella.app/Frameworks/hermesvm.framework'>
2026-05-16 16:01:39 +0000  IDEDistributionItem init <DVTFilePath:0x9c7b83950:'/Users/karthik/Library/Developer/Xcode/Archives/2026-05-16/ZICABELLA 16-05-26, 9.23 PM.xcarchive/Products/Applications/ZicaBella.app/Frameworks/RazorpayCustom.framework'>
2026-05-16 16:01:39 +0000  IDEDistributionItem init <DVTFilePath:0x9a6b41400:'/Users/karthik/Library/Developer/Xcode/Archives/2026-05-16/ZICABELLA 16-05-26, 9.23 PM.xcarchive/Products/Applications/ZicaBella.app/Frameworks/ReactNativeDependencies.framework'>
2026-05-16 16:01:39 +0000  IDEDistributionItem init <DVTFilePath:0xa1c0b0300:'/Users/karthik/Library/Developer/Xcode/Archives/2026-05-16/ZICABELLA 16-05-26, 9.23 PM.xcarchive/Products/Applications/ZicaBella.app'>
2026-05-16 16:01:39 +0000  Set distributionItems on context: (
    "<IDEDistributionItem: 0xa1bd33420; bundleID='com.zicabella.ios', path='<DVTFilePath:0xa1c0b0300:'/Users/karthik/Library/Developer/Xcode/Archives/2026-05-16/ZICABELLA 16-05-26, 9.23\U202fPM.xcarchive/Products/Applications/ZicaBella.app'>', codeSigningInfo='<_DVTCodeSigningInformation_Path: 0xa1bd329a0; isSigned='1', isAdHocSigned='0', signingCertificate='<DVTSigningCertificate: 0x9a6b62a00; name='Apple Development: Zica Bella (JHT2L635LX)', hash='61070DEC6D9A347E378BBC192F10C76DCF920152', serialNumber='B60A03E85AFFCA9E24C378AB716D5A4', certificateKinds='(\n    \"1.2.840.113635.100.6.1.12\",\n    \"1.2.840.113635.100.6.1.2\"\n), issueDate='2026-05-14 11:37:56 +0000''>', entitlements='{\n    \"application-identifier\" = \"94765P9PT9.com.zicabella.ios\";\n    \"aps-environment\" = development;\n    \"com.apple.developer.team-identifier\" = 94765P9PT9;\n    \"get-task-allow\" = 1;\n}', teamID='94765P9PT9', identifier='com.zicabella.ios', executablePath='<DVTFilePath:0xa1c0b2040:'/Users/karthik/Library/Developer/Xcode/Archives/2026-05-16/ZICABELLA 16-05-26, 9.23\U202fPM.xcarchive/Products/Applications/ZicaBella.app/ZicaBella'>', hardenedRuntime='0'>'>"
)
2026-05-16 16:01:39 +0000  Archs to thin for item /Users/karthik/Library/Developer/Xcode/Archives/2026-05-16/ZICABELLA 16-05-26, 9.23 PM.xcarchive/Products/Applications/ZicaBella.app are []
2026-05-16 16:01:39 +0000  Archs to thin for item /Users/karthik/Library/Developer/Xcode/Archives/2026-05-16/ZICABELLA 16-05-26, 9.23 PM.xcarchive/Products/Applications/ZicaBella.app/Frameworks/Razorpay.framework are []
2026-05-16 16:01:39 +0000  Archs to thin for item /Users/karthik/Library/Developer/Xcode/Archives/2026-05-16/ZICABELLA 16-05-26, 9.23 PM.xcarchive/Products/Applications/ZicaBella.app/Frameworks/RazorpayCore.framework are []
2026-05-16 16:01:39 +0000  Archs to thin for item /Users/karthik/Library/Developer/Xcode/Archives/2026-05-16/ZICABELLA 16-05-26, 9.23 PM.xcarchive/Products/Applications/ZicaBella.app/Frameworks/RazorpayCustom.framework are []
2026-05-16 16:01:39 +0000  Archs to thin for item /Users/karthik/Library/Developer/Xcode/Archives/2026-05-16/ZICABELLA 16-05-26, 9.23 PM.xcarchive/Products/Applications/ZicaBella.app/Frameworks/React.framework are []
2026-05-16 16:01:39 +0000  Archs to thin for item /Users/karthik/Library/Developer/Xcode/Archives/2026-05-16/ZICABELLA 16-05-26, 9.23 PM.xcarchive/Products/Applications/ZicaBella.app/Frameworks/ReactNativeDependencies.framework are []
2026-05-16 16:01:39 +0000  Archs to thin for item /Users/karthik/Library/Developer/Xcode/Archives/2026-05-16/ZICABELLA 16-05-26, 9.23 PM.xcarchive/Products/Applications/ZicaBella.app/Frameworks/hermesvm.framework are []
2026-05-16 16:01:39 +0000  [OPTIONAL] Found platform <DVTPlatform:0xa0afb8380:'com.apple.platform.iphoneos':<DVTFilePath:0xa0af343f0:'/Applications/Xcode.app/Contents/Developer/Platforms/iPhoneOS.platform'>> and cert <DVTSigningCertificate: 0x9a6b62a00; name='Apple Development: Zica Bella (JHT2L635LX)', hash='61070DEC6D9A347E378BBC192F10C76DCF920152', serialNumber='B60A03E85AFFCA9E24C378AB716D5A4', certificateKinds='(
    "1.2.840.113635.100.6.1.12",
    "1.2.840.113635.100.6.1.2"
), issueDate='2026-05-14 11:37:56 +0000''> for <DVTFilePath:0xa1c0b0300:'/Users/karthik/Library/Developer/Xcode/Archives/2026-05-16/ZICABELLA 16-05-26, 9.23 PM.xcarchive/Products/Applications/ZicaBella.app'>
2026-05-16 16:01:39 +0000  [OPTIONAL] Profile <DVTEmbeddedProvisioningProfile 0x9a6b62a00: name: iOS Team Provisioning Profile: com.zicabella.ios, UUID: 2c739f3d-6f2b-49a3-aab6-824550bf4831, teamName: Zica Bella Private Limited, teamIdentifierPrefixes: (
    94765P9PT9
), entitlements: {
    "application-identifier" = "94765P9PT9.com.zicabella.ios";
    "aps-environment" = development;
    "com.apple.developer.applesignin" =     (
        Default
    );
    "com.apple.developer.authentication-services.autofill-credential-provider" = 1;
    "com.apple.developer.location.push" = 1;
    "com.apple.developer.push-to-talk" = 1;
    "com.apple.developer.siri" = 1;
    "com.apple.developer.team-identifier" = 94765P9PT9;
    "get-task-allow" = 1;
    "keychain-access-groups" =     (
        "94765P9PT9.*",
        "com.apple.token"
    );
}, appIdentifierName: XC com zicabella ios, applicationIdentifierPrefixes: (
    94765P9PT9
), dateCreated: 2026-05-15 17:42:42 +0000, dateExpired: 2027-05-15 17:42:42 +0000, certificateKinds: {(
    "1.2.840.113635.100.6.1.12",
    "1.2.840.113635.100.6.1.2"
)}, certificateSHA1Hashes: {(
    61070DEC6D9A347E378BBC192F10C76DCF920152
)}, supportedUDIDs: {(
    "00008150-0016408a2244401c",
    "00008110-001e65ce0198801e"
)}, isUniversal: 0, isXcodeManaged: 1, platforms: {(
    <DVTPlatform:0xa0afb8480:'com.apple.platform.xros':<DVTFilePath:0xa0b015020:'/Applications/Xcode.app/Contents/Developer/Platforms/XROS.platform'>>,
    <DVTPlatform:0xa0afb8400:'com.apple.platform.watchos':<DVTFilePath:0xa0af344d0:'/Applications/Xcode.app/Contents/Developer/Platforms/WatchOS.platform'>>,
    <DVTPlatform:0xa0afb8380:'com.apple.platform.iphoneos':<DVTFilePath:0xa0af343f0:'/Applications/Xcode.app/Contents/Developer/Platforms/iPhoneOS.platform'>>
)}, filePath: <DVTFilePath:0x9c7b83870:'/Users/karthik/Library/Developer/Xcode/Archives/2026-05-16/ZICABELLA 16-05-26, 9.23 PM.xcarchive/Products/Applications/ZicaBella.app/embedded.mobileprovision'>> for <DVTFilePath:0xa1c0b0300:'/Users/karthik/Library/Developer/Xcode/Archives/2026-05-16/ZICABELLA 16-05-26, 9.23 PM.xcarchive/Products/Applications/ZicaBella.app'> was an automatic profile
2026-05-16 16:01:39 +0000  [OPTIONAL] Found platform <DVTPlatform:0xa0afb8380:'com.apple.platform.iphoneos':<DVTFilePath:0xa0af343f0:'/Applications/Xcode.app/Contents/Developer/Platforms/iPhoneOS.platform'>> and cert <DVTSigningCertificate: 0x9a6b62a00; name='Apple Development: Zica Bella (JHT2L635LX)', hash='61070DEC6D9A347E378BBC192F10C76DCF920152', serialNumber='B60A03E85AFFCA9E24C378AB716D5A4', certificateKinds='(
    "1.2.840.113635.100.6.1.12",
    "1.2.840.113635.100.6.1.2"
), issueDate='2026-05-14 11:37:56 +0000''> for <DVTFilePath:0x9c7b81f80:'/Users/karthik/Library/Developer/Xcode/Archives/2026-05-16/ZICABELLA 16-05-26, 9.23 PM.xcarchive/Products/Applications/ZicaBella.app/Frameworks/Razorpay.framework'>
2026-05-16 16:01:39 +0000  [OPTIONAL] Found platform <DVTPlatform:0xa0afb8380:'com.apple.platform.iphoneos':<DVTFilePath:0xa0af343f0:'/Applications/Xcode.app/Contents/Developer/Platforms/iPhoneOS.platform'>> and cert <DVTSigningCertificate: 0x9a6b62a00; name='Apple Development: Zica Bella (JHT2L635LX)', hash='61070DEC6D9A347E378BBC192F10C76DCF920152', serialNumber='B60A03E85AFFCA9E24C378AB716D5A4', certificateKinds='(
    "1.2.840.113635.100.6.1.12",
    "1.2.840.113635.100.6.1.2"
), issueDate='2026-05-14 11:37:56 +0000''> for <DVTFilePath:0x9c7b83a30:'/Users/karthik/Library/Developer/Xcode/Archives/2026-05-16/ZICABELLA 16-05-26, 9.23 PM.xcarchive/Products/Applications/ZicaBella.app/Frameworks/RazorpayCore.framework'>
2026-05-16 16:01:39 +0000  [OPTIONAL] Found platform <DVTPlatform:0xa0afb8380:'com.apple.platform.iphoneos':<DVTFilePath:0xa0af343f0:'/Applications/Xcode.app/Contents/Developer/Platforms/iPhoneOS.platform'>> and cert <DVTSigningCertificate: 0x9a6b62a00; name='Apple Development: Zica Bella (JHT2L635LX)', hash='61070DEC6D9A347E378BBC192F10C76DCF920152', serialNumber='B60A03E85AFFCA9E24C378AB716D5A4', certificateKinds='(
    "1.2.840.113635.100.6.1.12",
    "1.2.840.113635.100.6.1.2"
), issueDate='2026-05-14 11:37:56 +0000''> for <DVTFilePath:0x9c7b83950:'/Users/karthik/Library/Developer/Xcode/Archives/2026-05-16/ZICABELLA 16-05-26, 9.23 PM.xcarchive/Products/Applications/ZicaBella.app/Frameworks/RazorpayCustom.framework'>
2026-05-16 16:01:39 +0000  [OPTIONAL] Found platform <DVTPlatform:0xa0afb8380:'com.apple.platform.iphoneos':<DVTFilePath:0xa0af343f0:'/Applications/Xcode.app/Contents/Developer/Platforms/iPhoneOS.platform'>> and cert <DVTSigningCertificate: 0x9a6b62a00; name='Apple Development: Zica Bella (JHT2L635LX)', hash='61070DEC6D9A347E378BBC192F10C76DCF920152', serialNumber='B60A03E85AFFCA9E24C378AB716D5A4', certificateKinds='(
    "1.2.840.113635.100.6.1.12",
    "1.2.840.113635.100.6.1.2"
), issueDate='2026-05-14 11:37:56 +0000''> for <DVTFilePath:0xa1c1e03c0:'/Users/karthik/Library/Developer/Xcode/Archives/2026-05-16/ZICABELLA 16-05-26, 9.23 PM.xcarchive/Products/Applications/ZicaBella.app/Frameworks/React.framework'>
2026-05-16 16:01:39 +0000  [OPTIONAL] Found platform <DVTPlatform:0xa0afb8380:'com.apple.platform.iphoneos':<DVTFilePath:0xa0af343f0:'/Applications/Xcode.app/Contents/Developer/Platforms/iPhoneOS.platform'>> and cert <DVTSigningCertificate: 0x9a6b62a00; name='Apple Development: Zica Bella (JHT2L635LX)', hash='61070DEC6D9A347E378BBC192F10C76DCF920152', serialNumber='B60A03E85AFFCA9E24C378AB716D5A4', certificateKinds='(
    "1.2.840.113635.100.6.1.12",
    "1.2.840.113635.100.6.1.2"
), issueDate='2026-05-14 11:37:56 +0000''> for <DVTFilePath:0x9a6b41400:'/Users/karthik/Library/Developer/Xcode/Archives/2026-05-16/ZICABELLA 16-05-26, 9.23 PM.xcarchive/Products/Applications/ZicaBella.app/Frameworks/ReactNativeDependencies.framework'>
2026-05-16 16:01:39 +0000  [OPTIONAL] Found platform <DVTPlatform:0xa0afb8380:'com.apple.platform.iphoneos':<DVTFilePath:0xa0af343f0:'/Applications/Xcode.app/Contents/Developer/Platforms/iPhoneOS.platform'>> and cert <DVTSigningCertificate: 0x9a6b62a00; name='Apple Development: Zica Bella (JHT2L635LX)', hash='61070DEC6D9A347E378BBC192F10C76DCF920152', serialNumber='B60A03E85AFFCA9E24C378AB716D5A4', certificateKinds='(
    "1.2.840.113635.100.6.1.12",
    "1.2.840.113635.100.6.1.2"
), issueDate='2026-05-14 11:37:56 +0000''> for <DVTFilePath:0x9c7b82300:'/Users/karthik/Library/Developer/Xcode/Archives/2026-05-16/ZICABELLA 16-05-26, 9.23 PM.xcarchive/Products/Applications/ZicaBella.app/Frameworks/hermesvm.framework'>
2026-05-16 16:01:39 +0000  Distributable's provisioning style is Automatic
2026-05-16 16:01:40 +0000  App Store Connect request for store configuration response: <DVTITunesConnectConfigurationResponse: 0xa17dc9780; isSuccessful='1', configuration='{
    94765P9PT9 =     {
        "com.apple.platform.appletvos" =         {
            architectures =             {
                defaultArch =                 {
                    defaultProductType =                     {
                        format =                         {
                            bitCode =                             {
                                supportLevel = unsupported;
                            };
                            compiledCode =                             {
                                supportLevel = required;
                            };
                        };
                    };
                };
            };
            iconSource =             {
                largeAppIcon = carInBinary;
                primaryIcons = carInBinary;
            };
            onDemandResources =             {
                sizeLimits =                 {
                    assetPack = 512000000;
                    prioritizedTotal = 2000000000;
                    total = 20000000000;
                };
                supportLevel = supported;
            };
        };
        "com.apple.platform.iphoneos" =         {
            architectures =             {
                defaultArch =                 {
                    defaultProductType =                     {
                        format =                         {
                            bitCode =                             {
                                supportLevel = unsupported;
                            };
                            compiledCode =                             {
                                supportLevel = required;
                            };
                        };
                    };
                };
            };
            iconSource =             {
                largeAppIcon = unsupported;
                primaryIcons = pngInBinary;
            };
            onDemandResources =             {
                sizeLimits =                 {
                    assetPack = 512000000;
                    total = 20000000000;
                };
                supportLevel = supported;
            };
        };
        "com.apple.platform.macosx" =         {
            architectures =             {
                defaultArch =                 {
                    defaultProductType =                     {
                        format =                         {
                            bitCode =                             {
                                supportLevel = unsupported;
                            };
                            compiledCode =                             {
                                supportLevel = required;
                            };
                        };
                    };
                };
            };
            iconSource =             {
                largeAppIcon = pngInBinary;
                primaryIcons = pngInBinary;
            };
            onDemandResources =             {
                supportLevel = unsupported;
            };
        };
        "com.apple.platform.watchos" =         {
            architectures =             {
                defaultArch =                 {
                    defaultProductType =                     {
                        format =                         {
                            bitCode =                             {
                                supportLevel = unsupported;
                            };
                            compiledCode =                             {
                                supportLevel = required;
                            };
                        };
                    };
                };
            };
            iconSource =             {
                largeAppIcon = unsupported;
                primaryIcons = pngInBinary;
            };
            onDemandResources =             {
                supportLevel = unsupported;
            };
        };
        "com.apple.platform.xros" =         {
            architectures =             {
                defaultArch =                 {
                    defaultProductType =                     {
                        format =                         {
                            bitCode =                             {
                                supportLevel = unsupported;
                            };
                            compiledCode =                             {
                                supportLevel = required;
                            };
                        };
                    };
                };
            };
            iconSource =             {
                largeAppIcon = carInBinary;
                primaryIcons = carInBinary;
            };
            onDemandResources =             {
                supportLevel = unsupported;
            };
        };
        configModelVersion = "1.1";
    };
    preflight =     (
        94765P9PT9
    );
}', alertMessage='(null)', errors='(null)', warnings='(null)', infoMessages='(null)'>
2026-05-16 16:01:40 +0000  App Store Connect team IDs for account (null) are (
    94765P9PT9
)
2026-05-16 16:01:44 +0000  Starting evaluation for distribution items:
(
    "<IDEDistributionItem: 0xa1bd33420; bundleID='com.zicabella.ios', path='<DVTFilePath:0xa1c0b0300:'/Users/karthik/Library/Developer/Xcode/Archives/2026-05-16/ZICABELLA 16-05-26, 9.23\U202fPM.xcarchive/Products/Applications/ZicaBella.app'>', codeSigningInfo='<_DVTCodeSigningInformation_Path: 0xa1bd329a0; isSigned='1', isAdHocSigned='0', signingCertificate='<DVTSigningCertificate: 0x9a6b615c0; name='Apple Development: Zica Bella (JHT2L635LX)', hash='61070DEC6D9A347E378BBC192F10C76DCF920152', serialNumber='B60A03E85AFFCA9E24C378AB716D5A4', certificateKinds='(\n    \"1.2.840.113635.100.6.1.12\",\n    \"1.2.840.113635.100.6.1.2\"\n), issueDate='2026-05-14 11:37:56 +0000''>', entitlements='{\n    \"application-identifier\" = \"94765P9PT9.com.zicabella.ios\";\n    \"aps-environment\" = development;\n    \"com.apple.developer.team-identifier\" = 94765P9PT9;\n    \"get-task-allow\" = 1;\n}', teamID='94765P9PT9', identifier='com.zicabella.ios', executablePath='<DVTFilePath:0xa1c0b2040:'/Users/karthik/Library/Developer/Xcode/Archives/2026-05-16/ZICABELLA 16-05-26, 9.23\U202fPM.xcarchive/Products/Applications/ZicaBella.app/ZicaBella'>', hardenedRuntime='0'>'>"
)
2026-05-16 16:01:44 +0000 [MT] Evaluating <IDEDistributionItemProvisionable: 0x9c1bc8980; distributionItem='<IDEDistributionItem: 0xa1bd33060; bundleID='org.cocoapods.Razorpay', path='<DVTFilePath:0x9c7b81f80:'/Users/karthik/Library/Developer/Xcode/Archives/2026-05-16/ZICABELLA 16-05-26, 9.23 PM.xcarchive/Products/Applications/ZicaBella.app/Frameworks/Razorpay.framework'>', codeSigningInfo='<_DVTCodeSigningInformation_Path: 0xa1bd32d60; isSigned='1', isAdHocSigned='0', signingCertificate='<DVTSigningCertificate: 0x9a6b61e00; name='Apple Development: Zica Bella (JHT2L635LX)', hash='61070DEC6D9A347E378BBC192F10C76DCF920152', serialNumber='B60A03E85AFFCA9E24C378AB716D5A4', certificateKinds='(
    "1.2.840.113635.100.6.1.12",
    "1.2.840.113635.100.6.1.2"
), issueDate='2026-05-14 11:37:56 +0000''>', entitlements='(null)', teamID='94765P9PT9', identifier='org.cocoapods.Razorpay', executablePath='<DVTFilePath:0xa1c0b3900:'/Users/karthik/Library/Developer/Xcode/Archives/2026-05-16/ZICABELLA 16-05-26, 9.23 PM.xcarchive/Products/Applications/ZicaBella.app/Frameworks/Razorpay.framework/Razorpay'>', hardenedRuntime='0'>'>', team='<IDEProvisioningDisambiguatableBasicTeam: 0xa0e7307c0; teamID='94765P9PT9', teamName='Zica Bella Private Limited', teamType='Company', username='developer@zicabella.com', isFreeProvisioningTeam='0'>', method='<IDEDistributionMethodiOSAppStoreDistribution: 0xa043373d0>', provisioningStyle='0', entitlementsProcessors='(
    "<IDEiCloudEntitlementsProcessor: 0x9fc561ec0>",
    "<IDEAppAttestEnvironmentEntitlementsProcessor: 0x9fc562010>",
    "<IDEClassKitEntitlementsProcessor: 0x9fc562310>",
    "<IDEAppIdentifierPrefixedEntitlementsProcessor: 0x9fc562460>"
)'> with overrides <IDEProvisionableOverrides 0x9a6b61f80: configuration: Default, profileSupport: <IDEProvisioningProfileSupport: 0xa042a9450>, provisioningStyle: (null), certificateSigningStyle: (null), provisioningPurpose: app-store, team: (null), platform: <DVTPlatform:0xa0afb8380:'com.apple.platform.iphoneos':<DVTFilePath:0xa0af343f0:'/Applications/Xcode.app/Contents/Developer/Platforms/iPhoneOS.platform'>>, sdk: (null), sdkVariant: (null), profileSpecifier: (null), certificateIdentifier: (null), bundleIdentifier: (null), entitlements: (null), entitlementsFile: (null), baseEntitlements: (null), entitlementsExpansion: (null), entitlementsDestination: (null), allowSigningWithoutTeamSelection: (null), signingRequiresTeam: (null), appIDFeatures: (null)>
2026-05-16 16:01:44 +0000 [MT] Applying entitlements delta for <IDEDistributionItem: 0xa1bd33060; bundleID='org.cocoapods.Razorpay', path='<DVTFilePath:0x9c7b81f80:'/Users/karthik/Library/Developer/Xcode/Archives/2026-05-16/ZICABELLA 16-05-26, 9.23 PM.xcarchive/Products/Applications/ZicaBella.app/Frameworks/Razorpay.framework'>', codeSigningInfo='<_DVTCodeSigningInformation_Path: 0xa1bd32d60; isSigned='1', isAdHocSigned='0', signingCertificate='<DVTSigningCertificate: 0x9a6b61e00; name='Apple Development: Zica Bella (JHT2L635LX)', hash='61070DEC6D9A347E378BBC192F10C76DCF920152', serialNumber='B60A03E85AFFCA9E24C378AB716D5A4', certificateKinds='(
    "1.2.840.113635.100.6.1.12",
    "1.2.840.113635.100.6.1.2"
), issueDate='2026-05-14 11:37:56 +0000''>', entitlements='(null)', teamID='94765P9PT9', identifier='org.cocoapods.Razorpay', executablePath='<DVTFilePath:0xa1c0b3900:'/Users/karthik/Library/Developer/Xcode/Archives/2026-05-16/ZICABELLA 16-05-26, 9.23 PM.xcarchive/Products/Applications/ZicaBella.app/Frameworks/Razorpay.framework/Razorpay'>', hardenedRuntime='0'>'> from <IDEiCloudEntitlementsProcessor: 0x9fc561ec0>: {
}
2026-05-16 16:01:44 +0000 [MT] Applying entitlements delta for <IDEDistributionItem: 0xa1bd33060; bundleID='org.cocoapods.Razorpay', path='<DVTFilePath:0x9c7b81f80:'/Users/karthik/Library/Developer/Xcode/Archives/2026-05-16/ZICABELLA 16-05-26, 9.23 PM.xcarchive/Products/Applications/ZicaBella.app/Frameworks/Razorpay.framework'>', codeSigningInfo='<_DVTCodeSigningInformation_Path: 0xa1bd32d60; isSigned='1', isAdHocSigned='0', signingCertificate='<DVTSigningCertificate: 0x9a6b61e00; name='Apple Development: Zica Bella (JHT2L635LX)', hash='61070DEC6D9A347E378BBC192F10C76DCF920152', serialNumber='B60A03E85AFFCA9E24C378AB716D5A4', certificateKinds='(
    "1.2.840.113635.100.6.1.12",
    "1.2.840.113635.100.6.1.2"
), issueDate='2026-05-14 11:37:56 +0000''>', entitlements='(null)', teamID='94765P9PT9', identifier='org.cocoapods.Razorpay', executablePath='<DVTFilePath:0xa1c0b3900:'/Users/karthik/Library/Developer/Xcode/Archives/2026-05-16/ZICABELLA 16-05-26, 9.23 PM.xcarchive/Products/Applications/ZicaBella.app/Frameworks/Razorpay.framework/Razorpay'>', hardenedRuntime='0'>'> from <IDEAppAttestEnvironmentEntitlementsProcessor: 0x9fc562010>: {
}
2026-05-16 16:01:44 +0000 [MT] Applying entitlements delta for <IDEDistributionItem: 0xa1bd33060; bundleID='org.cocoapods.Razorpay', path='<DVTFilePath:0x9c7b81f80:'/Users/karthik/Library/Developer/Xcode/Archives/2026-05-16/ZICABELLA 16-05-26, 9.23 PM.xcarchive/Products/Applications/ZicaBella.app/Frameworks/Razorpay.framework'>', codeSigningInfo='<_DVTCodeSigningInformation_Path: 0xa1bd32d60; isSigned='1', isAdHocSigned='0', signingCertificate='<DVTSigningCertificate: 0x9a6b61e00; name='Apple Development: Zica Bella (JHT2L635LX)', hash='61070DEC6D9A347E378BBC192F10C76DCF920152', serialNumber='B60A03E85AFFCA9E24C378AB716D5A4', certificateKinds='(
    "1.2.840.113635.100.6.1.12",
    "1.2.840.113635.100.6.1.2"
), issueDate='2026-05-14 11:37:56 +0000''>', entitlements='(null)', teamID='94765P9PT9', identifier='org.cocoapods.Razorpay', executablePath='<DVTFilePath:0xa1c0b3900:'/Users/karthik/Library/Developer/Xcode/Archives/2026-05-16/ZICABELLA 16-05-26, 9.23 PM.xcarchive/Products/Applications/ZicaBella.app/Frameworks/Razorpay.framework/Razorpay'>', hardenedRuntime='0'>'> from <IDEClassKitEntitlementsProcessor: 0x9fc562310>: {
}
2026-05-16 16:01:44 +0000 [MT] Applying entitlements delta for <IDEDistributionItem: 0xa1bd33060; bundleID='org.cocoapods.Razorpay', path='<DVTFilePath:0x9c7b81f80:'/Users/karthik/Library/Developer/Xcode/Archives/2026-05-16/ZICABELLA 16-05-26, 9.23 PM.xcarchive/Products/Applications/ZicaBella.app/Frameworks/Razorpay.framework'>', codeSigningInfo='<_DVTCodeSigningInformation_Path: 0xa1bd32d60; isSigned='1', isAdHocSigned='0', signingCertificate='<DVTSigningCertificate: 0x9a6b61e00; name='Apple Development: Zica Bella (JHT2L635LX)', hash='61070DEC6D9A347E378BBC192F10C76DCF920152', serialNumber='B60A03E85AFFCA9E24C378AB716D5A4', certificateKinds='(
    "1.2.840.113635.100.6.1.12",
    "1.2.840.113635.100.6.1.2"
), issueDate='2026-05-14 11:37:56 +0000''>', entitlements='(null)', teamID='94765P9PT9', identifier='org.cocoapods.Razorpay', executablePath='<DVTFilePath:0xa1c0b3900:'/Users/karthik/Library/Developer/Xcode/Archives/2026-05-16/ZICABELLA 16-05-26, 9.23 PM.xcarchive/Products/Applications/ZicaBella.app/Frameworks/Razorpay.framework/Razorpay'>', hardenedRuntime='0'>'> from <IDEAppIdentifierPrefixedEntitlementsProcessor: 0x9fc562460>: {
}
2026-05-16 16:01:45 +0000 [MT] Evaluating <IDEDistributionItemProvisionable: 0x9c1bca980; distributionItem='<IDEDistributionItem: 0xa1bd325e0; bundleID='org.cocoapods.RazorpayCore', path='<DVTFilePath:0x9c7b83a30:'/Users/karthik/Library/Developer/Xcode/Archives/2026-05-16/ZICABELLA 16-05-26, 9.23 PM.xcarchive/Products/Applications/ZicaBella.app/Frameworks/RazorpayCore.framework'>', codeSigningInfo='<_DVTCodeSigningInformation_Path: 0xa1bd333c0; isSigned='1', isAdHocSigned='0', signingCertificate='<DVTSigningCertificate: 0x9a665c540; name='Apple Development: Zica Bella (JHT2L635LX)', hash='61070DEC6D9A347E378BBC192F10C76DCF920152', serialNumber='B60A03E85AFFCA9E24C378AB716D5A4', certificateKinds='(
    "1.2.840.113635.100.6.1.12",
    "1.2.840.113635.100.6.1.2"
), issueDate='2026-05-14 11:37:56 +0000''>', entitlements='(null)', teamID='94765P9PT9', identifier='org.cocoapods.RazorpayCore', executablePath='<DVTFilePath:0xa1c0b3b40:'/Users/karthik/Library/Developer/Xcode/Archives/2026-05-16/ZICABELLA 16-05-26, 9.23 PM.xcarchive/Products/Applications/ZicaBella.app/Frameworks/RazorpayCore.framework/RazorpayCore'>', hardenedRuntime='0'>'>', team='<IDEProvisioningDisambiguatableBasicTeam: 0xa0e7307c0; teamID='94765P9PT9', teamName='Zica Bella Private Limited', teamType='Company', username='developer@zicabella.com', isFreeProvisioningTeam='0'>', method='<IDEDistributionMethodiOSAppStoreDistribution: 0xa043373d0>', provisioningStyle='0', entitlementsProcessors='(
    "<IDEiCloudEntitlementsProcessor: 0x9fc561bf0>",
    "<IDEAppAttestEnvironmentEntitlementsProcessor: 0x9fc561ce0>",
    "<IDEClassKitEntitlementsProcessor: 0x9fc5624f0>",
    "<IDEAppIdentifierPrefixedEntitlementsProcessor: 0x9fc561b30>"
)'> with overrides <IDEProvisionableOverrides 0x9a665c480: configuration: Default, profileSupport: <IDEProvisioningProfileSupport: 0xa042ab280>, provisioningStyle: (null), certificateSigningStyle: (null), provisioningPurpose: app-store, team: (null), platform: <DVTPlatform:0xa0afb8380:'com.apple.platform.iphoneos':<DVTFilePath:0xa0af343f0:'/Applications/Xcode.app/Contents/Developer/Platforms/iPhoneOS.platform'>>, sdk: (null), sdkVariant: (null), profileSpecifier: (null), certificateIdentifier: (null), bundleIdentifier: (null), entitlements: (null), entitlementsFile: (null), baseEntitlements: (null), entitlementsExpansion: (null), entitlementsDestination: (null), allowSigningWithoutTeamSelection: (null), signingRequiresTeam: (null), appIDFeatures: (null)>
2026-05-16 16:01:45 +0000 [MT] Applying entitlements delta for <IDEDistributionItem: 0xa1bd325e0; bundleID='org.cocoapods.RazorpayCore', path='<DVTFilePath:0x9c7b83a30:'/Users/karthik/Library/Developer/Xcode/Archives/2026-05-16/ZICABELLA 16-05-26, 9.23 PM.xcarchive/Products/Applications/ZicaBella.app/Frameworks/RazorpayCore.framework'>', codeSigningInfo='<_DVTCodeSigningInformation_Path: 0xa1bd333c0; isSigned='1', isAdHocSigned='0', signingCertificate='<DVTSigningCertificate: 0x9a665c540; name='Apple Development: Zica Bella (JHT2L635LX)', hash='61070DEC6D9A347E378BBC192F10C76DCF920152', serialNumber='B60A03E85AFFCA9E24C378AB716D5A4', certificateKinds='(
    "1.2.840.113635.100.6.1.12",
    "1.2.840.113635.100.6.1.2"
), issueDate='2026-05-14 11:37:56 +0000''>', entitlements='(null)', teamID='94765P9PT9', identifier='org.cocoapods.RazorpayCore', executablePath='<DVTFilePath:0xa1c0b3b40:'/Users/karthik/Library/Developer/Xcode/Archives/2026-05-16/ZICABELLA 16-05-26, 9.23 PM.xcarchive/Products/Applications/ZicaBella.app/Frameworks/RazorpayCore.framework/RazorpayCore'>', hardenedRuntime='0'>'> from <IDEiCloudEntitlementsProcessor: 0x9fc561bf0>: {
}
2026-05-16 16:01:45 +0000 [MT] Applying entitlements delta for <IDEDistributionItem: 0xa1bd325e0; bundleID='org.cocoapods.RazorpayCore', path='<DVTFilePath:0x9c7b83a30:'/Users/karthik/Library/Developer/Xcode/Archives/2026-05-16/ZICABELLA 16-05-26, 9.23 PM.xcarchive/Products/Applications/ZicaBella.app/Frameworks/RazorpayCore.framework'>', codeSigningInfo='<_DVTCodeSigningInformation_Path: 0xa1bd333c0; isSigned='1', isAdHocSigned='0', signingCertificate='<DVTSigningCertificate: 0x9a665c540; name='Apple Development: Zica Bella (JHT2L635LX)', hash='61070DEC6D9A347E378BBC192F10C76DCF920152', serialNumber='B60A03E85AFFCA9E24C378AB716D5A4', certificateKinds='(
    "1.2.840.113635.100.6.1.12",
    "1.2.840.113635.100.6.1.2"
), issueDate='2026-05-14 11:37:56 +0000''>', entitlements='(null)', teamID='94765P9PT9', identifier='org.cocoapods.RazorpayCore', executablePath='<DVTFilePath:0xa1c0b3b40:'/Users/karthik/Library/Developer/Xcode/Archives/2026-05-16/ZICABELLA 16-05-26, 9.23 PM.xcarchive/Products/Applications/ZicaBella.app/Frameworks/RazorpayCore.framework/RazorpayCore'>', hardenedRuntime='0'>'> from <IDEAppAttestEnvironmentEntitlementsProcessor: 0x9fc561ce0>: {
}
2026-05-16 16:01:45 +0000 [MT] Applying entitlements delta for <IDEDistributionItem: 0xa1bd325e0; bundleID='org.cocoapods.RazorpayCore', path='<DVTFilePath:0x9c7b83a30:'/Users/karthik/Library/Developer/Xcode/Archives/2026-05-16/ZICABELLA 16-05-26, 9.23 PM.xcarchive/Products/Applications/ZicaBella.app/Frameworks/RazorpayCore.framework'>', codeSigningInfo='<_DVTCodeSigningInformation_Path: 0xa1bd333c0; isSigned='1', isAdHocSigned='0', signingCertificate='<DVTSigningCertificate: 0x9a665c540; name='Apple Development: Zica Bella (JHT2L635LX)', hash='61070DEC6D9A347E378BBC192F10C76DCF920152', serialNumber='B60A03E85AFFCA9E24C378AB716D5A4', certificateKinds='(
    "1.2.840.113635.100.6.1.12",
    "1.2.840.113635.100.6.1.2"
), issueDate='2026-05-14 11:37:56 +0000''>', entitlements='(null)', teamID='94765P9PT9', identifier='org.cocoapods.RazorpayCore', executablePath='<DVTFilePath:0xa1c0b3b40:'/Users/karthik/Library/Developer/Xcode/Archives/2026-05-16/ZICABELLA 16-05-26, 9.23 PM.xcarchive/Products/Applications/ZicaBella.app/Frameworks/RazorpayCore.framework/RazorpayCore'>', hardenedRuntime='0'>'> from <IDEClassKitEntitlementsProcessor: 0x9fc5624f0>: {
}
2026-05-16 16:01:45 +0000 [MT] Applying entitlements delta for <IDEDistributionItem: 0xa1bd325e0; bundleID='org.cocoapods.RazorpayCore', path='<DVTFilePath:0x9c7b83a30:'/Users/karthik/Library/Developer/Xcode/Archives/2026-05-16/ZICABELLA 16-05-26, 9.23 PM.xcarchive/Products/Applications/ZicaBella.app/Frameworks/RazorpayCore.framework'>', codeSigningInfo='<_DVTCodeSigningInformation_Path: 0xa1bd333c0; isSigned='1', isAdHocSigned='0', signingCertificate='<DVTSigningCertificate: 0x9a665c540; name='Apple Development: Zica Bella (JHT2L635LX)', hash='61070DEC6D9A347E378BBC192F10C76DCF920152', serialNumber='B60A03E85AFFCA9E24C378AB716D5A4', certificateKinds='(
    "1.2.840.113635.100.6.1.12",
    "1.2.840.113635.100.6.1.2"
), issueDate='2026-05-14 11:37:56 +0000''>', entitlements='(null)', teamID='94765P9PT9', identifier='org.cocoapods.RazorpayCore', executablePath='<DVTFilePath:0xa1c0b3b40:'/Users/karthik/Library/Developer/Xcode/Archives/2026-05-16/ZICABELLA 16-05-26, 9.23 PM.xcarchive/Products/Applications/ZicaBella.app/Frameworks/RazorpayCore.framework/RazorpayCore'>', hardenedRuntime='0'>'> from <IDEAppIdentifierPrefixedEntitlementsProcessor: 0x9fc561b30>: {
}
2026-05-16 16:01:45 +0000 [MT] Evaluating <IDEDistributionItemProvisionable: 0x9c1bc8d80; distributionItem='<IDEDistributionItem: 0xa1bd32820; bundleID='com.razorpay.CustomuiOtpelf', path='<DVTFilePath:0x9c7b83950:'/Users/karthik/Library/Developer/Xcode/Archives/2026-05-16/ZICABELLA 16-05-26, 9.23 PM.xcarchive/Products/Applications/ZicaBella.app/Frameworks/RazorpayCustom.framework'>', codeSigningInfo='<_DVTCodeSigningInformation_Path: 0xa1bd32340; isSigned='1', isAdHocSigned='0', signingCertificate='<DVTSigningCertificate: 0x9a667d5c0; name='Apple Development: Zica Bella (JHT2L635LX)', hash='61070DEC6D9A347E378BBC192F10C76DCF920152', serialNumber='B60A03E85AFFCA9E24C378AB716D5A4', certificateKinds='(
    "1.2.840.113635.100.6.1.12",
    "1.2.840.113635.100.6.1.2"
), issueDate='2026-05-14 11:37:56 +0000''>', entitlements='(null)', teamID='94765P9PT9', identifier='com.razorpay.CustomuiOtpelf', executablePath='<DVTFilePath:0xa1c1e0300:'/Users/karthik/Library/Developer/Xcode/Archives/2026-05-16/ZICABELLA 16-05-26, 9.23 PM.xcarchive/Products/Applications/ZicaBella.app/Frameworks/RazorpayCustom.framework/RazorpayCustom'>', hardenedRuntime='0'>'>', team='<IDEProvisioningDisambiguatableBasicTeam: 0xa0e7307c0; teamID='94765P9PT9', teamName='Zica Bella Private Limited', teamType='Company', username='developer@zicabella.com', isFreeProvisioningTeam='0'>', method='<IDEDistributionMethodiOSAppStoreDistribution: 0xa043373d0>', provisioningStyle='0', entitlementsProcessors='(
    "<IDEiCloudEntitlementsProcessor: 0x9fc561b60>",
    "<IDEAppAttestEnvironmentEntitlementsProcessor: 0x9fc561ad0>",
    "<IDEClassKitEntitlementsProcessor: 0x9fc562430>",
    "<IDEAppIdentifierPrefixedEntitlementsProcessor: 0x9fc562130>"
)'> with overrides <IDEProvisionableOverrides 0x9a667d140: configuration: Default, profileSupport: <IDEProvisioningProfileSupport: 0xa042aa660>, provisioningStyle: (null), certificateSigningStyle: (null), provisioningPurpose: app-store, team: (null), platform: <DVTPlatform:0xa0afb8380:'com.apple.platform.iphoneos':<DVTFilePath:0xa0af343f0:'/Applications/Xcode.app/Contents/Developer/Platforms/iPhoneOS.platform'>>, sdk: (null), sdkVariant: (null), profileSpecifier: (null), certificateIdentifier: (null), bundleIdentifier: (null), entitlements: (null), entitlementsFile: (null), baseEntitlements: (null), entitlementsExpansion: (null), entitlementsDestination: (null), allowSigningWithoutTeamSelection: (null), signingRequiresTeam: (null), appIDFeatures: (null)>
2026-05-16 16:01:45 +0000 [MT] Applying entitlements delta for <IDEDistributionItem: 0xa1bd32820; bundleID='com.razorpay.CustomuiOtpelf', path='<DVTFilePath:0x9c7b83950:'/Users/karthik/Library/Developer/Xcode/Archives/2026-05-16/ZICABELLA 16-05-26, 9.23 PM.xcarchive/Products/Applications/ZicaBella.app/Frameworks/RazorpayCustom.framework'>', codeSigningInfo='<_DVTCodeSigningInformation_Path: 0xa1bd32340; isSigned='1', isAdHocSigned='0', signingCertificate='<DVTSigningCertificate: 0x9a667d5c0; name='Apple Development: Zica Bella (JHT2L635LX)', hash='61070DEC6D9A347E378BBC192F10C76DCF920152', serialNumber='B60A03E85AFFCA9E24C378AB716D5A4', certificateKinds='(
    "1.2.840.113635.100.6.1.12",
    "1.2.840.113635.100.6.1.2"
), issueDate='2026-05-14 11:37:56 +0000''>', entitlements='(null)', teamID='94765P9PT9', identifier='com.razorpay.CustomuiOtpelf', executablePath='<DVTFilePath:0xa1c1e0300:'/Users/karthik/Library/Developer/Xcode/Archives/2026-05-16/ZICABELLA 16-05-26, 9.23 PM.xcarchive/Products/Applications/ZicaBella.app/Frameworks/RazorpayCustom.framework/RazorpayCustom'>', hardenedRuntime='0'>'> from <IDEiCloudEntitlementsProcessor: 0x9fc561b60>: {
}
2026-05-16 16:01:45 +0000 [MT] Applying entitlements delta for <IDEDistributionItem: 0xa1bd32820; bundleID='com.razorpay.CustomuiOtpelf', path='<DVTFilePath:0x9c7b83950:'/Users/karthik/Library/Developer/Xcode/Archives/2026-05-16/ZICABELLA 16-05-26, 9.23 PM.xcarchive/Products/Applications/ZicaBella.app/Frameworks/RazorpayCustom.framework'>', codeSigningInfo='<_DVTCodeSigningInformation_Path: 0xa1bd32340; isSigned='1', isAdHocSigned='0', signingCertificate='<DVTSigningCertificate: 0x9a667d5c0; name='Apple Development: Zica Bella (JHT2L635LX)', hash='61070DEC6D9A347E378BBC192F10C76DCF920152', serialNumber='B60A03E85AFFCA9E24C378AB716D5A4', certificateKinds='(
    "1.2.840.113635.100.6.1.12",
    "1.2.840.113635.100.6.1.2"
), issueDate='2026-05-14 11:37:56 +0000''>', entitlements='(null)', teamID='94765P9PT9', identifier='com.razorpay.CustomuiOtpelf', executablePath='<DVTFilePath:0xa1c1e0300:'/Users/karthik/Library/Developer/Xcode/Archives/2026-05-16/ZICABELLA 16-05-26, 9.23 PM.xcarchive/Products/Applications/ZicaBella.app/Frameworks/RazorpayCustom.framework/RazorpayCustom'>', hardenedRuntime='0'>'> from <IDEAppAttestEnvironmentEntitlementsProcessor: 0x9fc561ad0>: {
}
2026-05-16 16:01:45 +0000 [MT] Applying entitlements delta for <IDEDistributionItem: 0xa1bd32820; bundleID='com.razorpay.CustomuiOtpelf', path='<DVTFilePath:0x9c7b83950:'/Users/karthik/Library/Developer/Xcode/Archives/2026-05-16/ZICABELLA 16-05-26, 9.23 PM.xcarchive/Products/Applications/ZicaBella.app/Frameworks/RazorpayCustom.framework'>', codeSigningInfo='<_DVTCodeSigningInformation_Path: 0xa1bd32340; isSigned='1', isAdHocSigned='0', signingCertificate='<DVTSigningCertificate: 0x9a667d5c0; name='Apple Development: Zica Bella (JHT2L635LX)', hash='61070DEC6D9A347E378BBC192F10C76DCF920152', serialNumber='B60A03E85AFFCA9E24C378AB716D5A4', certificateKinds='(
    "1.2.840.113635.100.6.1.12",
    "1.2.840.113635.100.6.1.2"
), issueDate='2026-05-14 11:37:56 +0000''>', entitlements='(null)', teamID='94765P9PT9', identifier='com.razorpay.CustomuiOtpelf', executablePath='<DVTFilePath:0xa1c1e0300:'/Users/karthik/Library/Developer/Xcode/Archives/2026-05-16/ZICABELLA 16-05-26, 9.23 PM.xcarchive/Products/Applications/ZicaBella.app/Frameworks/RazorpayCustom.framework/RazorpayCustom'>', hardenedRuntime='0'>'> from <IDEClassKitEntitlementsProcessor: 0x9fc562430>: {
}
2026-05-16 16:01:45 +0000 [MT] Applying entitlements delta for <IDEDistributionItem: 0xa1bd32820; bundleID='com.razorpay.CustomuiOtpelf', path='<DVTFilePath:0x9c7b83950:'/Users/karthik/Library/Developer/Xcode/Archives/2026-05-16/ZICABELLA 16-05-26, 9.23 PM.xcarchive/Products/Applications/ZicaBella.app/Frameworks/RazorpayCustom.framework'>', codeSigningInfo='<_DVTCodeSigningInformation_Path: 0xa1bd32340; isSigned='1', isAdHocSigned='0', signingCertificate='<DVTSigningCertificate: 0x9a667d5c0; name='Apple Development: Zica Bella (JHT2L635LX)', hash='61070DEC6D9A347E378BBC192F10C76DCF920152', serialNumber='B60A03E85AFFCA9E24C378AB716D5A4', certificateKinds='(
    "1.2.840.113635.100.6.1.12",
    "1.2.840.113635.100.6.1.2"
), issueDate='2026-05-14 11:37:56 +0000''>', entitlements='(null)', teamID='94765P9PT9', identifier='com.razorpay.CustomuiOtpelf', executablePath='<DVTFilePath:0xa1c1e0300:'/Users/karthik/Library/Developer/Xcode/Archives/2026-05-16/ZICABELLA 16-05-26, 9.23 PM.xcarchive/Products/Applications/ZicaBella.app/Frameworks/RazorpayCustom.framework/RazorpayCustom'>', hardenedRuntime='0'>'> from <IDEAppIdentifierPrefixedEntitlementsProcessor: 0x9fc562130>: {
}
2026-05-16 16:01:45 +0000 [MT] Evaluating <IDEDistributionItemProvisionable: 0x9c1bc9700; distributionItem='<IDEDistributionItem: 0xa1bd339c0; bundleID='react-native.React', path='<DVTFilePath:0xa1c1e03c0:'/Users/karthik/Library/Developer/Xcode/Archives/2026-05-16/ZICABELLA 16-05-26, 9.23 PM.xcarchive/Products/Applications/ZicaBella.app/Frameworks/React.framework'>', codeSigningInfo='<_DVTCodeSigningInformation_Path: 0xa1bd33600; isSigned='1', isAdHocSigned='0', signingCertificate='<DVTSigningCertificate: 0x9a66ac180; name='Apple Development: Zica Bella (JHT2L635LX)', hash='61070DEC6D9A347E378BBC192F10C76DCF920152', serialNumber='B60A03E85AFFCA9E24C378AB716D5A4', certificateKinds='(
    "1.2.840.113635.100.6.1.12",
    "1.2.840.113635.100.6.1.2"
), issueDate='2026-05-14 11:37:56 +0000''>', entitlements='(null)', teamID='94765P9PT9', identifier='react-native.React', executablePath='<DVTFilePath:0xa1c1e06c0:'/Users/karthik/Library/Developer/Xcode/Archives/2026-05-16/ZICABELLA 16-05-26, 9.23 PM.xcarchive/Products/Applications/ZicaBella.app/Frameworks/React.framework/React'>', hardenedRuntime='0'>'>', team='<IDEProvisioningDisambiguatableBasicTeam: 0xa0e7307c0; teamID='94765P9PT9', teamName='Zica Bella Private Limited', teamType='Company', username='developer@zicabella.com', isFreeProvisioningTeam='0'>', method='<IDEDistributionMethodiOSAppStoreDistribution: 0xa043373d0>', provisioningStyle='0', entitlementsProcessors='(
    "<IDEiCloudEntitlementsProcessor: 0x9fc562400>",
    "<IDEAppAttestEnvironmentEntitlementsProcessor: 0x9fc5615c0>",
    "<IDEClassKitEntitlementsProcessor: 0x9fc5623a0>",
    "<IDEAppIdentifierPrefixedEntitlementsProcessor: 0x9fc5621c0>"
)'> with overrides <IDEProvisionableOverrides 0x9a66ac600: configuration: Default, profileSupport: <IDEProvisioningProfileSupport: 0xa042a9870>, provisioningStyle: (null), certificateSigningStyle: (null), provisioningPurpose: app-store, team: (null), platform: <DVTPlatform:0xa0afb8380:'com.apple.platform.iphoneos':<DVTFilePath:0xa0af343f0:'/Applications/Xcode.app/Contents/Developer/Platforms/iPhoneOS.platform'>>, sdk: (null), sdkVariant: (null), profileSpecifier: (null), certificateIdentifier: (null), bundleIdentifier: (null), entitlements: (null), entitlementsFile: (null), baseEntitlements: (null), entitlementsExpansion: (null), entitlementsDestination: (null), allowSigningWithoutTeamSelection: (null), signingRequiresTeam: (null), appIDFeatures: (null)>
2026-05-16 16:01:45 +0000 [MT] Applying entitlements delta for <IDEDistributionItem: 0xa1bd339c0; bundleID='react-native.React', path='<DVTFilePath:0xa1c1e03c0:'/Users/karthik/Library/Developer/Xcode/Archives/2026-05-16/ZICABELLA 16-05-26, 9.23 PM.xcarchive/Products/Applications/ZicaBella.app/Frameworks/React.framework'>', codeSigningInfo='<_DVTCodeSigningInformation_Path: 0xa1bd33600; isSigned='1', isAdHocSigned='0', signingCertificate='<DVTSigningCertificate: 0x9a66ac000; name='Apple Development: Zica Bella (JHT2L635LX)', hash='61070DEC6D9A347E378BBC192F10C76DCF920152', serialNumber='B60A03E85AFFCA9E24C378AB716D5A4', certificateKinds='(
    "1.2.840.113635.100.6.1.12",
    "1.2.840.113635.100.6.1.2"
), issueDate='2026-05-14 11:37:56 +0000''>', entitlements='(null)', teamID='94765P9PT9', identifier='react-native.React', executablePath='<DVTFilePath:0xa1c1e06c0:'/Users/karthik/Library/Developer/Xcode/Archives/2026-05-16/ZICABELLA 16-05-26, 9.23 PM.xcarchive/Products/Applications/ZicaBella.app/Frameworks/React.framework/React'>', hardenedRuntime='0'>'> from <IDEiCloudEntitlementsProcessor: 0x9fc562400>: {
}
2026-05-16 16:01:45 +0000 [MT] Applying entitlements delta for <IDEDistributionItem: 0xa1bd339c0; bundleID='react-native.React', path='<DVTFilePath:0xa1c1e03c0:'/Users/karthik/Library/Developer/Xcode/Archives/2026-05-16/ZICABELLA 16-05-26, 9.23 PM.xcarchive/Products/Applications/ZicaBella.app/Frameworks/React.framework'>', codeSigningInfo='<_DVTCodeSigningInformation_Path: 0xa1bd33600; isSigned='1', isAdHocSigned='0', signingCertificate='<DVTSigningCertificate: 0x9a66ac000; name='Apple Development: Zica Bella (JHT2L635LX)', hash='61070DEC6D9A347E378BBC192F10C76DCF920152', serialNumber='B60A03E85AFFCA9E24C378AB716D5A4', certificateKinds='(
    "1.2.840.113635.100.6.1.12",
    "1.2.840.113635.100.6.1.2"
), issueDate='2026-05-14 11:37:56 +0000''>', entitlements='(null)', teamID='94765P9PT9', identifier='react-native.React', executablePath='<DVTFilePath:0xa1c1e06c0:'/Users/karthik/Library/Developer/Xcode/Archives/2026-05-16/ZICABELLA 16-05-26, 9.23 PM.xcarchive/Products/Applications/ZicaBella.app/Frameworks/React.framework/React'>', hardenedRuntime='0'>'> from <IDEAppAttestEnvironmentEntitlementsProcessor: 0x9fc5615c0>: {
}
2026-05-16 16:01:45 +0000 [MT] Applying entitlements delta for <IDEDistributionItem: 0xa1bd339c0; bundleID='react-native.React', path='<DVTFilePath:0xa1c1e03c0:'/Users/karthik/Library/Developer/Xcode/Archives/2026-05-16/ZICABELLA 16-05-26, 9.23 PM.xcarchive/Products/Applications/ZicaBella.app/Frameworks/React.framework'>', codeSigningInfo='<_DVTCodeSigningInformation_Path: 0xa1bd33600; isSigned='1', isAdHocSigned='0', signingCertificate='<DVTSigningCertificate: 0x9a66ac000; name='Apple Development: Zica Bella (JHT2L635LX)', hash='61070DEC6D9A347E378BBC192F10C76DCF920152', serialNumber='B60A03E85AFFCA9E24C378AB716D5A4', certificateKinds='(
    "1.2.840.113635.100.6.1.12",
    "1.2.840.113635.100.6.1.2"
), issueDate='2026-05-14 11:37:56 +0000''>', entitlements='(null)', teamID='94765P9PT9', identifier='react-native.React', executablePath='<DVTFilePath:0xa1c1e06c0:'/Users/karthik/Library/Developer/Xcode/Archives/2026-05-16/ZICABELLA 16-05-26, 9.23 PM.xcarchive/Products/Applications/ZicaBella.app/Frameworks/React.framework/React'>', hardenedRuntime='0'>'> from <IDEClassKitEntitlementsProcessor: 0x9fc5623a0>: {
}
2026-05-16 16:01:45 +0000 [MT] Applying entitlements delta for <IDEDistributionItem: 0xa1bd339c0; bundleID='react-native.React', path='<DVTFilePath:0xa1c1e03c0:'/Users/karthik/Library/Developer/Xcode/Archives/2026-05-16/ZICABELLA 16-05-26, 9.23 PM.xcarchive/Products/Applications/ZicaBella.app/Frameworks/React.framework'>', codeSigningInfo='<_DVTCodeSigningInformation_Path: 0xa1bd33600; isSigned='1', isAdHocSigned='0', signingCertificate='<DVTSigningCertificate: 0x9a66ac000; name='Apple Development: Zica Bella (JHT2L635LX)', hash='61070DEC6D9A347E378BBC192F10C76DCF920152', serialNumber='B60A03E85AFFCA9E24C378AB716D5A4', certificateKinds='(
    "1.2.840.113635.100.6.1.12",
    "1.2.840.113635.100.6.1.2"
), issueDate='2026-05-14 11:37:56 +0000''>', entitlements='(null)', teamID='94765P9PT9', identifier='react-native.React', executablePath='<DVTFilePath:0xa1c1e06c0:'/Users/karthik/Library/Developer/Xcode/Archives/2026-05-16/ZICABELLA 16-05-26, 9.23 PM.xcarchive/Products/Applications/ZicaBella.app/Frameworks/React.framework/React'>', hardenedRuntime='0'>'> from <IDEAppIdentifierPrefixedEntitlementsProcessor: 0x9fc5621c0>: {
}
2026-05-16 16:01:45 +0000 [MT] Evaluating <IDEDistributionItemProvisionable: 0x9c1bc8b80; distributionItem='<IDEDistributionItem: 0xa1bd33780; bundleID='third-party.ReactNativeDependencies', path='<DVTFilePath:0x9a6b41400:'/Users/karthik/Library/Developer/Xcode/Archives/2026-05-16/ZICABELLA 16-05-26, 9.23 PM.xcarchive/Products/Applications/ZicaBella.app/Frameworks/ReactNativeDependencies.framework'>', codeSigningInfo='<_DVTCodeSigningInformation_Path: 0xa1bd33960; isSigned='1', isAdHocSigned='0', signingCertificate='<DVTSigningCertificate: 0x9a66cb600; name='Apple Development: Zica Bella (JHT2L635LX)', hash='61070DEC6D9A347E378BBC192F10C76DCF920152', serialNumber='B60A03E85AFFCA9E24C378AB716D5A4', certificateKinds='(
    "1.2.840.113635.100.6.1.12",
    "1.2.840.113635.100.6.1.2"
), issueDate='2026-05-14 11:37:56 +0000''>', entitlements='(null)', teamID='94765P9PT9', identifier='third-party.ReactNativeDependencies', executablePath='<DVTFilePath:0x9c7b83640:'/Users/karthik/Library/Developer/Xcode/Archives/2026-05-16/ZICABELLA 16-05-26, 9.23 PM.xcarchive/Products/Applications/ZicaBella.app/Frameworks/ReactNativeDependencies.framework/ReactNativeDependencies'>', hardenedRuntime='0'>'>', team='<IDEProvisioningDisambiguatableBasicTeam: 0xa0e7307c0; teamID='94765P9PT9', teamName='Zica Bella Private Limited', teamType='Company', username='developer@zicabella.com', isFreeProvisioningTeam='0'>', method='<IDEDistributionMethodiOSAppStoreDistribution: 0xa043373d0>', provisioningStyle='0', entitlementsProcessors='(
    "<IDEiCloudEntitlementsProcessor: 0x9fc5618f0>",
    "<IDEAppAttestEnvironmentEntitlementsProcessor: 0x9fc5618c0>",
    "<IDEClassKitEntitlementsProcessor: 0x9fc562190>",
    "<IDEAppIdentifierPrefixedEntitlementsProcessor: 0x9fc562250>"
)'> with overrides <IDEProvisionableOverrides 0x9a66ca7c0: configuration: Default, profileSupport: <IDEProvisioningProfileSupport: 0xa08ae6d60>, provisioningStyle: (null), certificateSigningStyle: (null), provisioningPurpose: app-store, team: (null), platform: <DVTPlatform:0xa0afb8380:'com.apple.platform.iphoneos':<DVTFilePath:0xa0af343f0:'/Applications/Xcode.app/Contents/Developer/Platforms/iPhoneOS.platform'>>, sdk: (null), sdkVariant: (null), profileSpecifier: (null), certificateIdentifier: (null), bundleIdentifier: (null), entitlements: (null), entitlementsFile: (null), baseEntitlements: (null), entitlementsExpansion: (null), entitlementsDestination: (null), allowSigningWithoutTeamSelection: (null), signingRequiresTeam: (null), appIDFeatures: (null)>
2026-05-16 16:01:45 +0000 [MT] Applying entitlements delta for <IDEDistributionItem: 0xa1bd33780; bundleID='third-party.ReactNativeDependencies', path='<DVTFilePath:0x9a6b41400:'/Users/karthik/Library/Developer/Xcode/Archives/2026-05-16/ZICABELLA 16-05-26, 9.23 PM.xcarchive/Products/Applications/ZicaBella.app/Frameworks/ReactNativeDependencies.framework'>', codeSigningInfo='<_DVTCodeSigningInformation_Path: 0xa1bd33960; isSigned='1', isAdHocSigned='0', signingCertificate='<DVTSigningCertificate: 0x9a66cb600; name='Apple Development: Zica Bella (JHT2L635LX)', hash='61070DEC6D9A347E378BBC192F10C76DCF920152', serialNumber='B60A03E85AFFCA9E24C378AB716D5A4', certificateKinds='(
    "1.2.840.113635.100.6.1.12",
    "1.2.840.113635.100.6.1.2"
), issueDate='2026-05-14 11:37:56 +0000''>', entitlements='(null)', teamID='94765P9PT9', identifier='third-party.ReactNativeDependencies', executablePath='<DVTFilePath:0x9c7b83640:'/Users/karthik/Library/Developer/Xcode/Archives/2026-05-16/ZICABELLA 16-05-26, 9.23 PM.xcarchive/Products/Applications/ZicaBella.app/Frameworks/ReactNativeDependencies.framework/ReactNativeDependencies'>', hardenedRuntime='0'>'> from <IDEiCloudEntitlementsProcessor: 0x9fc5618f0>: {
}
2026-05-16 16:01:45 +0000 [MT] Applying entitlements delta for <IDEDistributionItem: 0xa1bd33780; bundleID='third-party.ReactNativeDependencies', path='<DVTFilePath:0x9a6b41400:'/Users/karthik/Library/Developer/Xcode/Archives/2026-05-16/ZICABELLA 16-05-26, 9.23 PM.xcarchive/Products/Applications/ZicaBella.app/Frameworks/ReactNativeDependencies.framework'>', codeSigningInfo='<_DVTCodeSigningInformation_Path: 0xa1bd33960; isSigned='1', isAdHocSigned='0', signingCertificate='<DVTSigningCertificate: 0x9a66cb600; name='Apple Development: Zica Bella (JHT2L635LX)', hash='61070DEC6D9A347E378BBC192F10C76DCF920152', serialNumber='B60A03E85AFFCA9E24C378AB716D5A4', certificateKinds='(
    "1.2.840.113635.100.6.1.12",
    "1.2.840.113635.100.6.1.2"
), issueDate='2026-05-14 11:37:56 +0000''>', entitlements='(null)', teamID='94765P9PT9', identifier='third-party.ReactNativeDependencies', executablePath='<DVTFilePath:0x9c7b83640:'/Users/karthik/Library/Developer/Xcode/Archives/2026-05-16/ZICABELLA 16-05-26, 9.23 PM.xcarchive/Products/Applications/ZicaBella.app/Frameworks/ReactNativeDependencies.framework/ReactNativeDependencies'>', hardenedRuntime='0'>'> from <IDEAppAttestEnvironmentEntitlementsProcessor: 0x9fc5618c0>: {
}
2026-05-16 16:01:45 +0000 [MT] Applying entitlements delta for <IDEDistributionItem: 0xa1bd33780; bundleID='third-party.ReactNativeDependencies', path='<DVTFilePath:0x9a6b41400:'/Users/karthik/Library/Developer/Xcode/Archives/2026-05-16/ZICABELLA 16-05-26, 9.23 PM.xcarchive/Products/Applications/ZicaBella.app/Frameworks/ReactNativeDependencies.framework'>', codeSigningInfo='<_DVTCodeSigningInformation_Path: 0xa1bd33960; isSigned='1', isAdHocSigned='0', signingCertificate='<DVTSigningCertificate: 0x9a66cb600; name='Apple Development: Zica Bella (JHT2L635LX)', hash='61070DEC6D9A347E378BBC192F10C76DCF920152', serialNumber='B60A03E85AFFCA9E24C378AB716D5A4', certificateKinds='(
    "1.2.840.113635.100.6.1.12",
    "1.2.840.113635.100.6.1.2"
), issueDate='2026-05-14 11:37:56 +0000''>', entitlements='(null)', teamID='94765P9PT9', identifier='third-party.ReactNativeDependencies', executablePath='<DVTFilePath:0x9c7b83640:'/Users/karthik/Library/Developer/Xcode/Archives/2026-05-16/ZICABELLA 16-05-26, 9.23 PM.xcarchive/Products/Applications/ZicaBella.app/Frameworks/ReactNativeDependencies.framework/ReactNativeDependencies'>', hardenedRuntime='0'>'> from <IDEClassKitEntitlementsProcessor: 0x9fc562190>: {
}
2026-05-16 16:01:45 +0000 [MT] Applying entitlements delta for <IDEDistributionItem: 0xa1bd33780; bundleID='third-party.ReactNativeDependencies', path='<DVTFilePath:0x9a6b41400:'/Users/karthik/Library/Developer/Xcode/Archives/2026-05-16/ZICABELLA 16-05-26, 9.23 PM.xcarchive/Products/Applications/ZicaBella.app/Frameworks/ReactNativeDependencies.framework'>', codeSigningInfo='<_DVTCodeSigningInformation_Path: 0xa1bd33960; isSigned='1', isAdHocSigned='0', signingCertificate='<DVTSigningCertificate: 0x9a66cb600; name='Apple Development: Zica Bella (JHT2L635LX)', hash='61070DEC6D9A347E378BBC192F10C76DCF920152', serialNumber='B60A03E85AFFCA9E24C378AB716D5A4', certificateKinds='(
    "1.2.840.113635.100.6.1.12",
    "1.2.840.113635.100.6.1.2"
), issueDate='2026-05-14 11:37:56 +0000''>', entitlements='(null)', teamID='94765P9PT9', identifier='third-party.ReactNativeDependencies', executablePath='<DVTFilePath:0x9c7b83640:'/Users/karthik/Library/Developer/Xcode/Archives/2026-05-16/ZICABELLA 16-05-26, 9.23 PM.xcarchive/Products/Applications/ZicaBella.app/Frameworks/ReactNativeDependencies.framework/ReactNativeDependencies'>', hardenedRuntime='0'>'> from <IDEAppIdentifierPrefixedEntitlementsProcessor: 0x9fc562250>: {
}
2026-05-16 16:01:45 +0000 [MT] Evaluating <IDEDistributionItemProvisionable: 0x9c1bc8380; distributionItem='<IDEDistributionItem: 0xa1bd33420; bundleID='com.zicabella.ios', path='<DVTFilePath:0xa1c0b0300:'/Users/karthik/Library/Developer/Xcode/Archives/2026-05-16/ZICABELLA 16-05-26, 9.23 PM.xcarchive/Products/Applications/ZicaBella.app'>', codeSigningInfo='<_DVTCodeSigningInformation_Path: 0xa1bd329a0; isSigned='1', isAdHocSigned='0', signingCertificate='<DVTSigningCertificate: 0x9a66f4e40; name='Apple Development: Zica Bella (JHT2L635LX)', hash='61070DEC6D9A347E378BBC192F10C76DCF920152', serialNumber='B60A03E85AFFCA9E24C378AB716D5A4', certificateKinds='(
    "1.2.840.113635.100.6.1.12",
    "1.2.840.113635.100.6.1.2"
), issueDate='2026-05-14 11:37:56 +0000''>', entitlements='{
    "application-identifier" = "94765P9PT9.com.zicabella.ios";
    "aps-environment" = development;
    "com.apple.developer.team-identifier" = 94765P9PT9;
    "get-task-allow" = 1;
}', teamID='94765P9PT9', identifier='com.zicabella.ios', executablePath='<DVTFilePath:0xa1c0b2040:'/Users/karthik/Library/Developer/Xcode/Archives/2026-05-16/ZICABELLA 16-05-26, 9.23 PM.xcarchive/Products/Applications/ZicaBella.app/ZicaBella'>', hardenedRuntime='0'>'>', team='<IDEProvisioningDisambiguatableBasicTeam: 0xa0e7307c0; teamID='94765P9PT9', teamName='Zica Bella Private Limited', teamType='Company', username='developer@zicabella.com', isFreeProvisioningTeam='0'>', method='<IDEDistributionMethodiOSAppStoreDistribution: 0xa043373d0>', provisioningStyle='0', entitlementsProcessors='(
    "<IDEiCloudEntitlementsProcessor: 0x9fc5622e0>",
    "<IDEAppAttestEnvironmentEntitlementsProcessor: 0x9fc561c20>",
    "<IDEClassKitEntitlementsProcessor: 0x9fc562370>",
    "<IDEAppIdentifierPrefixedEntitlementsProcessor: 0x9fc5622b0>"
)'> with overrides <IDEProvisionableOverrides 0x9a66f5e00: configuration: Default, profileSupport: <IDEProvisioningProfileSupport: 0xa08ae50a0>, provisioningStyle: (null), certificateSigningStyle: (null), provisioningPurpose: app-store, team: (null), platform: <DVTPlatform:0xa0afb8380:'com.apple.platform.iphoneos':<DVTFilePath:0xa0af343f0:'/Applications/Xcode.app/Contents/Developer/Platforms/iPhoneOS.platform'>>, sdk: (null), sdkVariant: (null), profileSpecifier: (null), certificateIdentifier: (null), bundleIdentifier: (null), entitlements: (null), entitlementsFile: (null), baseEntitlements: (null), entitlementsExpansion: (null), entitlementsDestination: (null), allowSigningWithoutTeamSelection: (null), signingRequiresTeam: (null), appIDFeatures: (null)>
2026-05-16 16:01:45 +0000 [MT] Applying entitlements delta for <IDEDistributionItem: 0xa1bd33420; bundleID='com.zicabella.ios', path='<DVTFilePath:0xa1c0b0300:'/Users/karthik/Library/Developer/Xcode/Archives/2026-05-16/ZICABELLA 16-05-26, 9.23 PM.xcarchive/Products/Applications/ZicaBella.app'>', codeSigningInfo='<_DVTCodeSigningInformation_Path: 0xa1bd329a0; isSigned='1', isAdHocSigned='0', signingCertificate='<DVTSigningCertificate: 0x9a66f4e40; name='Apple Development: Zica Bella (JHT2L635LX)', hash='61070DEC6D9A347E378BBC192F10C76DCF920152', serialNumber='B60A03E85AFFCA9E24C378AB716D5A4', certificateKinds='(
    "1.2.840.113635.100.6.1.12",
    "1.2.840.113635.100.6.1.2"
), issueDate='2026-05-14 11:37:56 +0000''>', entitlements='{
    "application-identifier" = "94765P9PT9.com.zicabella.ios";
    "aps-environment" = development;
    "com.apple.developer.team-identifier" = 94765P9PT9;
    "get-task-allow" = 1;
}', teamID='94765P9PT9', identifier='com.zicabella.ios', executablePath='<DVTFilePath:0xa1c0b2040:'/Users/karthik/Library/Developer/Xcode/Archives/2026-05-16/ZICABELLA 16-05-26, 9.23 PM.xcarchive/Products/Applications/ZicaBella.app/ZicaBella'>', hardenedRuntime='0'>'> from <IDEiCloudEntitlementsProcessor: 0x9fc5622e0>: {
}
2026-05-16 16:01:45 +0000 [MT] Applying entitlements delta for <IDEDistributionItem: 0xa1bd33420; bundleID='com.zicabella.ios', path='<DVTFilePath:0xa1c0b0300:'/Users/karthik/Library/Developer/Xcode/Archives/2026-05-16/ZICABELLA 16-05-26, 9.23 PM.xcarchive/Products/Applications/ZicaBella.app'>', codeSigningInfo='<_DVTCodeSigningInformation_Path: 0xa1bd329a0; isSigned='1', isAdHocSigned='0', signingCertificate='<DVTSigningCertificate: 0x9a66f4e40; name='Apple Development: Zica Bella (JHT2L635LX)', hash='61070DEC6D9A347E378BBC192F10C76DCF920152', serialNumber='B60A03E85AFFCA9E24C378AB716D5A4', certificateKinds='(
    "1.2.840.113635.100.6.1.12",
    "1.2.840.113635.100.6.1.2"
), issueDate='2026-05-14 11:37:56 +0000''>', entitlements='{
    "application-identifier" = "94765P9PT9.com.zicabella.ios";
    "aps-environment" = development;
    "com.apple.developer.team-identifier" = 94765P9PT9;
    "get-task-allow" = 1;
}', teamID='94765P9PT9', identifier='com.zicabella.ios', executablePath='<DVTFilePath:0xa1c0b2040:'/Users/karthik/Library/Developer/Xcode/Archives/2026-05-16/ZICABELLA 16-05-26, 9.23 PM.xcarchive/Products/Applications/ZicaBella.app/ZicaBella'>', hardenedRuntime='0'>'> from <IDEAppAttestEnvironmentEntitlementsProcessor: 0x9fc561c20>: {
}
2026-05-16 16:01:45 +0000 [MT] Applying entitlements delta for <IDEDistributionItem: 0xa1bd33420; bundleID='com.zicabella.ios', path='<DVTFilePath:0xa1c0b0300:'/Users/karthik/Library/Developer/Xcode/Archives/2026-05-16/ZICABELLA 16-05-26, 9.23 PM.xcarchive/Products/Applications/ZicaBella.app'>', codeSigningInfo='<_DVTCodeSigningInformation_Path: 0xa1bd329a0; isSigned='1', isAdHocSigned='0', signingCertificate='<DVTSigningCertificate: 0x9a66f4e40; name='Apple Development: Zica Bella (JHT2L635LX)', hash='61070DEC6D9A347E378BBC192F10C76DCF920152', serialNumber='B60A03E85AFFCA9E24C378AB716D5A4', certificateKinds='(
    "1.2.840.113635.100.6.1.12",
    "1.2.840.113635.100.6.1.2"
), issueDate='2026-05-14 11:37:56 +0000''>', entitlements='{
    "application-identifier" = "94765P9PT9.com.zicabella.ios";
    "aps-environment" = development;
    "com.apple.developer.team-identifier" = 94765P9PT9;
    "get-task-allow" = 1;
}', teamID='94765P9PT9', identifier='com.zicabella.ios', executablePath='<DVTFilePath:0xa1c0b2040:'/Users/karthik/Library/Developer/Xcode/Archives/2026-05-16/ZICABELLA 16-05-26, 9.23 PM.xcarchive/Products/Applications/ZicaBella.app/ZicaBella'>', hardenedRuntime='0'>'> from <IDEClassKitEntitlementsProcessor: 0x9fc562370>: {
}
2026-05-16 16:01:45 +0000 [MT] Applying entitlements delta for <IDEDistributionItem: 0xa1bd33420; bundleID='com.zicabella.ios', path='<DVTFilePath:0xa1c0b0300:'/Users/karthik/Library/Developer/Xcode/Archives/2026-05-16/ZICABELLA 16-05-26, 9.23 PM.xcarchive/Products/Applications/ZicaBella.app'>', codeSigningInfo='<_DVTCodeSigningInformation_Path: 0xa1bd329a0; isSigned='1', isAdHocSigned='0', signingCertificate='<DVTSigningCertificate: 0x9a66f4e40; name='Apple Development: Zica Bella (JHT2L635LX)', hash='61070DEC6D9A347E378BBC192F10C76DCF920152', serialNumber='B60A03E85AFFCA9E24C378AB716D5A4', certificateKinds='(
    "1.2.840.113635.100.6.1.12",
    "1.2.840.113635.100.6.1.2"
), issueDate='2026-05-14 11:37:56 +0000''>', entitlements='{
    "application-identifier" = "94765P9PT9.com.zicabella.ios";
    "aps-environment" = development;
    "com.apple.developer.team-identifier" = 94765P9PT9;
    "get-task-allow" = 1;
}', teamID='94765P9PT9', identifier='com.zicabella.ios', executablePath='<DVTFilePath:0xa1c0b2040:'/Users/karthik/Library/Developer/Xcode/Archives/2026-05-16/ZICABELLA 16-05-26, 9.23 PM.xcarchive/Products/Applications/ZicaBella.app/ZicaBella'>', hardenedRuntime='0'>'> from <IDEAppIdentifierPrefixedEntitlementsProcessor: 0x9fc5622b0>: {
    "application-identifier" = "$(AppIdentifierPrefix)com.zicabella.ios";
}
2026-05-16 16:01:45 +0000 [MT] Evaluating <IDEDistributionItemProvisionable: 0x9c1bc9580; distributionItem='<IDEDistributionItem: 0xa1bd31620; bundleID='dev.hermesengine.iphoneos', path='<DVTFilePath:0x9c7b82300:'/Users/karthik/Library/Developer/Xcode/Archives/2026-05-16/ZICABELLA 16-05-26, 9.23 PM.xcarchive/Products/Applications/ZicaBella.app/Frameworks/hermesvm.framework'>', codeSigningInfo='<_DVTCodeSigningInformation_Path: 0xa1bd32c40; isSigned='1', isAdHocSigned='0', signingCertificate='<DVTSigningCertificate: 0x9a6720600; name='Apple Development: Zica Bella (JHT2L635LX)', hash='61070DEC6D9A347E378BBC192F10C76DCF920152', serialNumber='B60A03E85AFFCA9E24C378AB716D5A4', certificateKinds='(
    "1.2.840.113635.100.6.1.12",
    "1.2.840.113635.100.6.1.2"
), issueDate='2026-05-14 11:37:56 +0000''>', entitlements='(null)', teamID='94765P9PT9', identifier='dev.hermesengine.iphoneos', executablePath='<DVTFilePath:0xa1c0b34e0:'/Users/karthik/Library/Developer/Xcode/Archives/2026-05-16/ZICABELLA 16-05-26, 9.23 PM.xcarchive/Products/Applications/ZicaBella.app/Frameworks/hermesvm.framework/hermesvm'>', hardenedRuntime='0'>'>', team='<IDEProvisioningDisambiguatableBasicTeam: 0xa0e7307c0; teamID='94765P9PT9', teamName='Zica Bella Private Limited', teamType='Company', username='developer@zicabella.com', isFreeProvisioningTeam='0'>', method='<IDEDistributionMethodiOSAppStoreDistribution: 0xa043373d0>', provisioningStyle='0', entitlementsProcessors='(
    "<IDEiCloudEntitlementsProcessor: 0x9fc561bc0>",
    "<IDEAppAttestEnvironmentEntitlementsProcessor: 0x9fc562220>",
    "<IDEClassKitEntitlementsProcessor: 0x9fc562280>",
    "<IDEAppIdentifierPrefixedEntitlementsProcessor: 0x9fc5625e0>"
)'> with overrides <IDEProvisionableOverrides 0x9a6721500: configuration: Default, profileSupport: <IDEProvisioningProfileSupport: 0xa04335ce0>, provisioningStyle: (null), certificateSigningStyle: (null), provisioningPurpose: app-store, team: (null), platform: <DVTPlatform:0xa0afb8380:'com.apple.platform.iphoneos':<DVTFilePath:0xa0af343f0:'/Applications/Xcode.app/Contents/Developer/Platforms/iPhoneOS.platform'>>, sdk: (null), sdkVariant: (null), profileSpecifier: (null), certificateIdentifier: (null), bundleIdentifier: (null), entitlements: (null), entitlementsFile: (null), baseEntitlements: (null), entitlementsExpansion: (null), entitlementsDestination: (null), allowSigningWithoutTeamSelection: (null), signingRequiresTeam: (null), appIDFeatures: (null)>
2026-05-16 16:01:45 +0000 [MT] Applying entitlements delta for <IDEDistributionItem: 0xa1bd31620; bundleID='dev.hermesengine.iphoneos', path='<DVTFilePath:0x9c7b82300:'/Users/karthik/Library/Developer/Xcode/Archives/2026-05-16/ZICABELLA 16-05-26, 9.23 PM.xcarchive/Products/Applications/ZicaBella.app/Frameworks/hermesvm.framework'>', codeSigningInfo='<_DVTCodeSigningInformation_Path: 0xa1bd32c40; isSigned='1', isAdHocSigned='0', signingCertificate='<DVTSigningCertificate: 0x9a6720600; name='Apple Development: Zica Bella (JHT2L635LX)', hash='61070DEC6D9A347E378BBC192F10C76DCF920152', serialNumber='B60A03E85AFFCA9E24C378AB716D5A4', certificateKinds='(
    "1.2.840.113635.100.6.1.12",
    "1.2.840.113635.100.6.1.2"
), issueDate='2026-05-14 11:37:56 +0000''>', entitlements='(null)', teamID='94765P9PT9', identifier='dev.hermesengine.iphoneos', executablePath='<DVTFilePath:0xa1c0b34e0:'/Users/karthik/Library/Developer/Xcode/Archives/2026-05-16/ZICABELLA 16-05-26, 9.23 PM.xcarchive/Products/Applications/ZicaBella.app/Frameworks/hermesvm.framework/hermesvm'>', hardenedRuntime='0'>'> from <IDEiCloudEntitlementsProcessor: 0x9fc561bc0>: {
}
2026-05-16 16:01:45 +0000 [MT] Applying entitlements delta for <IDEDistributionItem: 0xa1bd31620; bundleID='dev.hermesengine.iphoneos', path='<DVTFilePath:0x9c7b82300:'/Users/karthik/Library/Developer/Xcode/Archives/2026-05-16/ZICABELLA 16-05-26, 9.23 PM.xcarchive/Products/Applications/ZicaBella.app/Frameworks/hermesvm.framework'>', codeSigningInfo='<_DVTCodeSigningInformation_Path: 0xa1bd32c40; isSigned='1', isAdHocSigned='0', signingCertificate='<DVTSigningCertificate: 0x9a6720600; name='Apple Development: Zica Bella (JHT2L635LX)', hash='61070DEC6D9A347E378BBC192F10C76DCF920152', serialNumber='B60A03E85AFFCA9E24C378AB716D5A4', certificateKinds='(
    "1.2.840.113635.100.6.1.12",
    "1.2.840.113635.100.6.1.2"
), issueDate='2026-05-14 11:37:56 +0000''>', entitlements='(null)', teamID='94765P9PT9', identifier='dev.hermesengine.iphoneos', executablePath='<DVTFilePath:0xa1c0b34e0:'/Users/karthik/Library/Developer/Xcode/Archives/2026-05-16/ZICABELLA 16-05-26, 9.23 PM.xcarchive/Products/Applications/ZicaBella.app/Frameworks/hermesvm.framework/hermesvm'>', hardenedRuntime='0'>'> from <IDEAppAttestEnvironmentEntitlementsProcessor: 0x9fc562220>: {
}
2026-05-16 16:01:45 +0000 [MT] Applying entitlements delta for <IDEDistributionItem: 0xa1bd31620; bundleID='dev.hermesengine.iphoneos', path='<DVTFilePath:0x9c7b82300:'/Users/karthik/Library/Developer/Xcode/Archives/2026-05-16/ZICABELLA 16-05-26, 9.23 PM.xcarchive/Products/Applications/ZicaBella.app/Frameworks/hermesvm.framework'>', codeSigningInfo='<_DVTCodeSigningInformation_Path: 0xa1bd32c40; isSigned='1', isAdHocSigned='0', signingCertificate='<DVTSigningCertificate: 0x9a6720600; name='Apple Development: Zica Bella (JHT2L635LX)', hash='61070DEC6D9A347E378BBC192F10C76DCF920152', serialNumber='B60A03E85AFFCA9E24C378AB716D5A4', certificateKinds='(
    "1.2.840.113635.100.6.1.12",
    "1.2.840.113635.100.6.1.2"
), issueDate='2026-05-14 11:37:56 +0000''>', entitlements='(null)', teamID='94765P9PT9', identifier='dev.hermesengine.iphoneos', executablePath='<DVTFilePath:0xa1c0b34e0:'/Users/karthik/Library/Developer/Xcode/Archives/2026-05-16/ZICABELLA 16-05-26, 9.23 PM.xcarchive/Products/Applications/ZicaBella.app/Frameworks/hermesvm.framework/hermesvm'>', hardenedRuntime='0'>'> from <IDEClassKitEntitlementsProcessor: 0x9fc562280>: {
}
2026-05-16 16:01:45 +0000 [MT] Applying entitlements delta for <IDEDistributionItem: 0xa1bd31620; bundleID='dev.hermesengine.iphoneos', path='<DVTFilePath:0x9c7b82300:'/Users/karthik/Library/Developer/Xcode/Archives/2026-05-16/ZICABELLA 16-05-26, 9.23 PM.xcarchive/Products/Applications/ZicaBella.app/Frameworks/hermesvm.framework'>', codeSigningInfo='<_DVTCodeSigningInformation_Path: 0xa1bd32c40; isSigned='1', isAdHocSigned='0', signingCertificate='<DVTSigningCertificate: 0x9a6720600; name='Apple Development: Zica Bella (JHT2L635LX)', hash='61070DEC6D9A347E378BBC192F10C76DCF920152', serialNumber='B60A03E85AFFCA9E24C378AB716D5A4', certificateKinds='(
    "1.2.840.113635.100.6.1.12",
    "1.2.840.113635.100.6.1.2"
), issueDate='2026-05-14 11:37:56 +0000''>', entitlements='(null)', teamID='94765P9PT9', identifier='dev.hermesengine.iphoneos', executablePath='<DVTFilePath:0xa1c0b34e0:'/Users/karthik/Library/Developer/Xcode/Archives/2026-05-16/ZICABELLA 16-05-26, 9.23 PM.xcarchive/Products/Applications/ZicaBella.app/Frameworks/hermesvm.framework/hermesvm'>', hardenedRuntime='0'>'> from <IDEAppIdentifierPrefixedEntitlementsProcessor: 0x9fc5625e0>: {
}
2026-05-16 16:01:53 +0000 [MT] Evaluation for Razorpay.framework is <IDEProvisionableStatusEvaluation 0x9c198d7a0: inputs: <IDEProvisionableStatusEvalutorInputs 0x9a66b5810: provisionableSnapshot: <IDEProvisionableSnapshot 0x9fcabe760: name: Razorpay.framework, configurations: {
    Default = "<_IDEProvisionableConfigurationSnapshot 0xa1ba90640: name: Default, provisioningStyle: 0, certificateSigningStyle: 2, team: <IDEProvisioningDisambiguatableBasicTeam: 0xa0e7307c0; teamID='94765P9PT9', teamName='Zica Bella Private Limited', teamType='Company', username='developer@zicabella.com', isFreeProvisioningTeam='0'>, profileSupport: <IDEProvisioningProfileSupport: 0xa042a9260>, platform: <DVTPlatform:0xa0afb8380:'com.apple.platform.iphoneos':<DVTFilePath:0xa0af343f0:'/Applications/Xcode.app/Contents/Developer/Platforms/iPhoneOS.platform'>>, sdk: (null), sdkVariant: (null), bundleIdentifier: org.cocoapods.Razorpay, profileSpecifier: (null), certificateIdentifier: iPhone Distribution, entitlementsFilePath: (null), baseEntitlements: <IDEProvisionableEntitlements: 0x9c8175360; signedEntitlements='{\n}', simulatedEntitlements='(null)'>, entitlementsExpansion: <IDEDistributionProvisioningEntitlementsExpansion: 0xa042a9410>, entitlementsDestination: 1, allowSigningWithoutTeamSelection: 0, signingRequiresTeam: 0, appIDFeatures: <DVTPortalAppIDFeatures 0x9a6604900: Features: {\n}, Containers: {\n}>, provisioningPurpose: app-store, supportsIOSMac: 0, areFeaturesUpToDate: 0>";
}, overrides: <IDEProvisionableOverrides 0x9a6b61f80: configuration: Default, profileSupport: <IDEProvisioningProfileSupport: 0xa042a9450>, provisioningStyle: (null), certificateSigningStyle: (null), provisioningPurpose: app-store, team: (null), platform: <DVTPlatform:0xa0afb8380:'com.apple.platform.iphoneos':<DVTFilePath:0xa0af343f0:'/Applications/Xcode.app/Contents/Developer/Platforms/iPhoneOS.platform'>>, sdk: (null), sdkVariant: (null), profileSpecifier: (null), certificateIdentifier: (null), bundleIdentifier: (null), entitlements: (null), entitlementsFile: (null), baseEntitlements: (null), entitlementsExpansion: (null), entitlementsDestination: (null), allowSigningWithoutTeamSelection: (null), signingRequiresTeam: (null), appIDFeatures: (null)>>>, configuration: Default, codesignParameterSnapshot: <IDECodesignParameterSnapshot: 0x9fc55f1b0>:
Identity: 0C503102C31CA6DDA05DB306B06448FE27167D4E
Certificate <DVTSigningCertificate: 0x9c1944f00; name='Apple Distribution: Zica Bella Private Limited (94765P9PT9)', hash='0C503102C31CA6DDA05DB306B06448FE27167D4E', serialNumber='736BB4AED16F1E8705A12D5AFBFBCFEE', certificateKinds='(
    "1.2.840.113635.100.6.1.7",
    "1.2.840.113635.100.6.1.4"
), issueDate='2026-05-16 15:51:52 +0000''>>, errors: (null)>
2026-05-16 16:01:54 +0000 [MT] Evaluation for RazorpayCore.framework is <IDEProvisionableStatusEvaluation 0x9c194cd20: inputs: <IDEProvisionableStatusEvalutorInputs 0x9fb88c5a0: provisionableSnapshot: <IDEProvisionableSnapshot 0x9fcabe610: name: RazorpayCore.framework, configurations: {
    Default = "<_IDEProvisionableConfigurationSnapshot 0xa14561f40: name: Default, provisioningStyle: 0, certificateSigningStyle: 2, team: <IDEProvisioningDisambiguatableBasicTeam: 0xa0e7307c0; teamID='94765P9PT9', teamName='Zica Bella Private Limited', teamType='Company', username='developer@zicabella.com', isFreeProvisioningTeam='0'>, profileSupport: <IDEProvisioningProfileSupport: 0xa042ab250>, platform: <DVTPlatform:0xa0afb8380:'com.apple.platform.iphoneos':<DVTFilePath:0xa0af343f0:'/Applications/Xcode.app/Contents/Developer/Platforms/iPhoneOS.platform'>>, sdk: (null), sdkVariant: (null), bundleIdentifier: org.cocoapods.RazorpayCore, profileSpecifier: (null), certificateIdentifier: iPhone Distribution, entitlementsFilePath: (null), baseEntitlements: <IDEProvisionableEntitlements: 0x9a6604620; signedEntitlements='{\n}', simulatedEntitlements='(null)'>, entitlementsExpansion: <IDEDistributionProvisioningEntitlementsExpansion: 0xa042a8c50>, entitlementsDestination: 1, allowSigningWithoutTeamSelection: 0, signingRequiresTeam: 0, appIDFeatures: <DVTPortalAppIDFeatures 0x9a65ee200: Features: {\n}, Containers: {\n}>, provisioningPurpose: app-store, supportsIOSMac: 0, areFeaturesUpToDate: 0>";
}, overrides: <IDEProvisionableOverrides 0x9a665c480: configuration: Default, profileSupport: <IDEProvisioningProfileSupport: 0xa042ab280>, provisioningStyle: (null), certificateSigningStyle: (null), provisioningPurpose: app-store, team: (null), platform: <DVTPlatform:0xa0afb8380:'com.apple.platform.iphoneos':<DVTFilePath:0xa0af343f0:'/Applications/Xcode.app/Contents/Developer/Platforms/iPhoneOS.platform'>>, sdk: (null), sdkVariant: (null), profileSpecifier: (null), certificateIdentifier: (null), bundleIdentifier: (null), entitlements: (null), entitlementsFile: (null), baseEntitlements: (null), entitlementsExpansion: (null), entitlementsDestination: (null), allowSigningWithoutTeamSelection: (null), signingRequiresTeam: (null), appIDFeatures: (null)>>>, configuration: Default, codesignParameterSnapshot: <IDECodesignParameterSnapshot: 0x9fc55f360>:
Identity: 0C503102C31CA6DDA05DB306B06448FE27167D4E
Certificate <DVTSigningCertificate: 0x9a667fcc0; name='Apple Distribution: Zica Bella Private Limited (94765P9PT9)', hash='0C503102C31CA6DDA05DB306B06448FE27167D4E', serialNumber='736BB4AED16F1E8705A12D5AFBFBCFEE', certificateKinds='(
    "1.2.840.113635.100.6.1.7",
    "1.2.840.113635.100.6.1.4"
), issueDate='2026-05-16 15:51:52 +0000''>>, errors: (null)>
2026-05-16 16:01:54 +0000 [MT] Evaluation for RazorpayCustom.framework is <IDEProvisionableStatusEvaluation 0xa02538fc0: inputs: <IDEProvisionableStatusEvalutorInputs 0x9a673c320: provisionableSnapshot: <IDEProvisionableSnapshot 0x9fcabd200: name: RazorpayCustom.framework, configurations: {
    Default = "<_IDEProvisionableConfigurationSnapshot 0xa1ba91220: name: Default, provisioningStyle: 0, certificateSigningStyle: 2, team: <IDEProvisioningDisambiguatableBasicTeam: 0xa0e7307c0; teamID='94765P9PT9', teamName='Zica Bella Private Limited', teamType='Company', username='developer@zicabella.com', isFreeProvisioningTeam='0'>, profileSupport: <IDEProvisioningProfileSupport: 0xa042aa320>, platform: <DVTPlatform:0xa0afb8380:'com.apple.platform.iphoneos':<DVTFilePath:0xa0af343f0:'/Applications/Xcode.app/Contents/Developer/Platforms/iPhoneOS.platform'>>, sdk: (null), sdkVariant: (null), bundleIdentifier: com.razorpay.CustomuiOtpelf, profileSpecifier: (null), certificateIdentifier: iPhone Distribution, entitlementsFilePath: (null), baseEntitlements: <IDEProvisionableEntitlements: 0x9a65ee320; signedEntitlements='{\n}', simulatedEntitlements='(null)'>, entitlementsExpansion: <IDEDistributionProvisioningEntitlementsExpansion: 0xa042aad00>, entitlementsDestination: 1, allowSigningWithoutTeamSelection: 0, signingRequiresTeam: 0, appIDFeatures: <DVTPortalAppIDFeatures 0x9a6541900: Features: {\n}, Containers: {\n}>, provisioningPurpose: app-store, supportsIOSMac: 0, areFeaturesUpToDate: 0>";
}, overrides: <IDEProvisionableOverrides 0x9a667d140: configuration: Default, profileSupport: <IDEProvisioningProfileSupport: 0xa042aa660>, provisioningStyle: (null), certificateSigningStyle: (null), provisioningPurpose: app-store, team: (null), platform: <DVTPlatform:0xa0afb8380:'com.apple.platform.iphoneos':<DVTFilePath:0xa0af343f0:'/Applications/Xcode.app/Contents/Developer/Platforms/iPhoneOS.platform'>>, sdk: (null), sdkVariant: (null), profileSpecifier: (null), certificateIdentifier: (null), bundleIdentifier: (null), entitlements: (null), entitlementsFile: (null), baseEntitlements: (null), entitlementsExpansion: (null), entitlementsDestination: (null), allowSigningWithoutTeamSelection: (null), signingRequiresTeam: (null), appIDFeatures: (null)>>>, configuration: Default, codesignParameterSnapshot: <IDECodesignParameterSnapshot: 0x9fc558a80>:
Identity: 0C503102C31CA6DDA05DB306B06448FE27167D4E
Certificate <DVTSigningCertificate: 0x9a667cb40; name='Apple Distribution: Zica Bella Private Limited (94765P9PT9)', hash='0C503102C31CA6DDA05DB306B06448FE27167D4E', serialNumber='736BB4AED16F1E8705A12D5AFBFBCFEE', certificateKinds='(
    "1.2.840.113635.100.6.1.7",
    "1.2.840.113635.100.6.1.4"
), issueDate='2026-05-16 15:51:52 +0000''>>, errors: (null)>
2026-05-16 16:01:55 +0000 [MT] Evaluation for React.framework is <IDEProvisionableStatusEvaluation 0x9c1960b60: inputs: <IDEProvisionableStatusEvalutorInputs 0x9c1a60f50: provisionableSnapshot: <IDEProvisionableSnapshot 0x9fcabdbc0: name: React.framework, configurations: {
    Default = "<_IDEProvisionableConfigurationSnapshot 0xa14059360: name: Default, provisioningStyle: 0, certificateSigningStyle: 2, team: <IDEProvisioningDisambiguatableBasicTeam: 0xa0e7307c0; teamID='94765P9PT9', teamName='Zica Bella Private Limited', teamType='Company', username='developer@zicabella.com', isFreeProvisioningTeam='0'>, profileSupport: <IDEProvisioningProfileSupport: 0xa08ae4db0>, platform: <DVTPlatform:0xa0afb8380:'com.apple.platform.iphoneos':<DVTFilePath:0xa0af343f0:'/Applications/Xcode.app/Contents/Developer/Platforms/iPhoneOS.platform'>>, sdk: (null), sdkVariant: (null), bundleIdentifier: react-native.React, profileSpecifier: (null), certificateIdentifier: iPhone Distribution, entitlementsFilePath: (null), baseEntitlements: <IDEProvisionableEntitlements: 0x9a6541b80; signedEntitlements='{\n}', simulatedEntitlements='(null)'>, entitlementsExpansion: <IDEDistributionProvisioningEntitlementsExpansion: 0xa08ae76f0>, entitlementsDestination: 1, allowSigningWithoutTeamSelection: 0, signingRequiresTeam: 0, appIDFeatures: <DVTPortalAppIDFeatures 0x9a648d460: Features: {\n}, Containers: {\n}>, provisioningPurpose: app-store, supportsIOSMac: 0, areFeaturesUpToDate: 0>";
}, overrides: <IDEProvisionableOverrides 0x9a66ac600: configuration: Default, profileSupport: <IDEProvisioningProfileSupport: 0xa042a9870>, provisioningStyle: (null), certificateSigningStyle: (null), provisioningPurpose: app-store, team: (null), platform: <DVTPlatform:0xa0afb8380:'com.apple.platform.iphoneos':<DVTFilePath:0xa0af343f0:'/Applications/Xcode.app/Contents/Developer/Platforms/iPhoneOS.platform'>>, sdk: (null), sdkVariant: (null), profileSpecifier: (null), certificateIdentifier: (null), bundleIdentifier: (null), entitlements: (null), entitlementsFile: (null), baseEntitlements: (null), entitlementsExpansion: (null), entitlementsDestination: (null), allowSigningWithoutTeamSelection: (null), signingRequiresTeam: (null), appIDFeatures: (null)>>>, configuration: Default, codesignParameterSnapshot: <IDECodesignParameterSnapshot: 0x9fc55b060>:
Identity: 0C503102C31CA6DDA05DB306B06448FE27167D4E
Certificate <DVTSigningCertificate: 0x9a6ab7b40; name='Apple Distribution: Zica Bella Private Limited (94765P9PT9)', hash='0C503102C31CA6DDA05DB306B06448FE27167D4E', serialNumber='736BB4AED16F1E8705A12D5AFBFBCFEE', certificateKinds='(
    "1.2.840.113635.100.6.1.7",
    "1.2.840.113635.100.6.1.4"
), issueDate='2026-05-16 15:51:52 +0000''>>, errors: (null)>
2026-05-16 16:01:56 +0000 [MT] Evaluation for ReactNativeDependencies.framework is <IDEProvisionableStatusEvaluation 0x9c194dff0: inputs: <IDEProvisionableStatusEvalutorInputs 0xa09aad0e0: provisionableSnapshot: <IDEProvisionableSnapshot 0x9fcabc1b0: name: ReactNativeDependencies.framework, configurations: {
    Default = "<_IDEProvisionableConfigurationSnapshot 0xa1ba921c0: name: Default, provisioningStyle: 0, certificateSigningStyle: 2, team: <IDEProvisioningDisambiguatableBasicTeam: 0xa0e7307c0; teamID='94765P9PT9', teamName='Zica Bella Private Limited', teamType='Company', username='developer@zicabella.com', isFreeProvisioningTeam='0'>, profileSupport: <IDEProvisioningProfileSupport: 0xa08ae6d80>, platform: <DVTPlatform:0xa0afb8380:'com.apple.platform.iphoneos':<DVTFilePath:0xa0af343f0:'/Applications/Xcode.app/Contents/Developer/Platforms/iPhoneOS.platform'>>, sdk: (null), sdkVariant: (null), bundleIdentifier: third-party.ReactNativeDependencies, profileSpecifier: (null), certificateIdentifier: iPhone Distribution, entitlementsFilePath: (null), baseEntitlements: <IDEProvisionableEntitlements: 0x9a648d720; signedEntitlements='{\n}', simulatedEntitlements='(null)'>, entitlementsExpansion: <IDEDistributionProvisioningEntitlementsExpansion: 0xa08ae6a10>, entitlementsDestination: 1, allowSigningWithoutTeamSelection: 0, signingRequiresTeam: 0, appIDFeatures: <DVTPortalAppIDFeatures 0x9a65891e0: Features: {\n}, Containers: {\n}>, provisioningPurpose: app-store, supportsIOSMac: 0, areFeaturesUpToDate: 0>";
}, overrides: <IDEProvisionableOverrides 0x9a66ca7c0: configuration: Default, profileSupport: <IDEProvisioningProfileSupport: 0xa08ae6d60>, provisioningStyle: (null), certificateSigningStyle: (null), provisioningPurpose: app-store, team: (null), platform: <DVTPlatform:0xa0afb8380:'com.apple.platform.iphoneos':<DVTFilePath:0xa0af343f0:'/Applications/Xcode.app/Contents/Developer/Platforms/iPhoneOS.platform'>>, sdk: (null), sdkVariant: (null), profileSpecifier: (null), certificateIdentifier: (null), bundleIdentifier: (null), entitlements: (null), entitlementsFile: (null), baseEntitlements: (null), entitlementsExpansion: (null), entitlementsDestination: (null), allowSigningWithoutTeamSelection: (null), signingRequiresTeam: (null), appIDFeatures: (null)>>>, configuration: Default, codesignParameterSnapshot: <IDECodesignParameterSnapshot: 0x9fcacb0f0>:
Identity: 0C503102C31CA6DDA05DB306B06448FE27167D4E
Certificate <DVTSigningCertificate: 0x9a6ab6100; name='Apple Distribution: Zica Bella Private Limited (94765P9PT9)', hash='0C503102C31CA6DDA05DB306B06448FE27167D4E', serialNumber='736BB4AED16F1E8705A12D5AFBFBCFEE', certificateKinds='(
    "1.2.840.113635.100.6.1.7",
    "1.2.840.113635.100.6.1.4"
), issueDate='2026-05-16 15:51:52 +0000''>>, errors: (null)>
2026-05-16 16:02:00 +0000 [MT] Evaluation for ZicaBella.app is <IDEProvisionableStatusEvaluation 0x9c80a7cd0: inputs: <IDEProvisionableStatusEvalutorInputs 0x9fba9fca0: provisionableSnapshot: <IDEProvisionableSnapshot 0x9fcabe130: name: ZicaBella.app, configurations: {
    Default = "<_IDEProvisionableConfigurationSnapshot 0xa1137b8e0: name: Default, provisioningStyle: 0, certificateSigningStyle: 2, team: <IDEProvisioningDisambiguatableBasicTeam: 0xa0e7307c0; teamID='94765P9PT9', teamName='Zica Bella Private Limited', teamType='Company', username='developer@zicabella.com', isFreeProvisioningTeam='0'>, profileSupport: <IDEProvisioningProfileSupport: 0xa04335820>, platform: <DVTPlatform:0xa0afb8380:'com.apple.platform.iphoneos':<DVTFilePath:0xa0af343f0:'/Applications/Xcode.app/Contents/Developer/Platforms/iPhoneOS.platform'>>, sdk: (null), sdkVariant: (null), bundleIdentifier: com.zicabella.ios, profileSpecifier: (null), certificateIdentifier: iPhone Distribution, entitlementsFilePath: (null), baseEntitlements: <IDEProvisionableEntitlements: 0x9a65893e0; signedEntitlements='{\n    \"application-identifier\" = \"$(AppIdentifierPrefix)com.zicabella.ios\";\n    \"aps-environment\" = development;\n    \"com.apple.developer.team-identifier\" = 94765P9PT9;\n}', simulatedEntitlements='(null)'>, entitlementsExpansion: <IDEDistributionProvisioningEntitlementsExpansion: 0xa04335490>, entitlementsDestination: 1, allowSigningWithoutTeamSelection: 0, signingRequiresTeam: 0, appIDFeatures: <DVTPortalAppIDFeatures 0x9a658d5c0: Features: {\n    \"<DVTPortalProfileFeature: 0x9c19a9340; id='PUSH_NOTIFICATIONS', userDescription='Push Notifications', platforms='.watchos, .appletvos, .macosx, .iphoneos, .xros'>\" = 1;\n}, Containers: {\n}>, provisioningPurpose: app-store, supportsIOSMac: 0, areFeaturesUpToDate: 0>";
}, overrides: <IDEProvisionableOverrides 0x9a66f5e00: configuration: Default, profileSupport: <IDEProvisioningProfileSupport: 0xa08ae50a0>, provisioningStyle: (null), certificateSigningStyle: (null), provisioningPurpose: app-store, team: (null), platform: <DVTPlatform:0xa0afb8380:'com.apple.platform.iphoneos':<DVTFilePath:0xa0af343f0:'/Applications/Xcode.app/Contents/Developer/Platforms/iPhoneOS.platform'>>, sdk: (null), sdkVariant: (null), profileSpecifier: (null), certificateIdentifier: (null), bundleIdentifier: (null), entitlements: (null), entitlementsFile: (null), baseEntitlements: (null), entitlementsExpansion: (null), entitlementsDestination: (null), allowSigningWithoutTeamSelection: (null), signingRequiresTeam: (null), appIDFeatures: (null)>>>, configuration: Default, codesignParameterSnapshot: <IDECodesignParameterSnapshot: 0xa08b21c20>:
Profile:  <DVTEmbeddedProvisioningProfile 0x9a6ab7300: name: iOS Team Store Provisioning Profile: com.zicabella.ios, UUID: 5e2f8c7b-8527-4324-9508-8bb4930fcaee, teamName: Zica Bella Private Limited, teamIdentifierPrefixes: (
    94765P9PT9
), entitlements: {
    "application-identifier" = "94765P9PT9.com.zicabella.ios";
    "aps-environment" = production;
    "beta-reports-active" = 1;
    "com.apple.developer.applesignin" =     (
        Default
    );
    "com.apple.developer.authentication-services.autofill-credential-provider" = 1;
    "com.apple.developer.location.push" = 1;
    "com.apple.developer.push-to-talk" = 1;
    "com.apple.developer.siri" = 1;
    "com.apple.developer.team-identifier" = 94765P9PT9;
    "get-task-allow" = 0;
    "keychain-access-groups" =     (
        "94765P9PT9.*",
        "com.apple.token"
    );
}, appIdentifierName: XC com zicabella ios, applicationIdentifierPrefixes: (
    94765P9PT9
), dateCreated: 2026-05-16 16:01:59 +0000, dateExpired: 2027-05-16 15:51:51 +0000, certificateKinds: {(
    "1.2.840.113635.100.6.1.7",
    "1.2.840.113635.100.6.1.4"
)}, certificateSHA1Hashes: {(
    C24492BBAA1483F75379202872E39A375C771D19,
    0C503102C31CA6DDA05DB306B06448FE27167D4E
)}, supportedUDIDs: {(
)}, isUniversal: 0, isXcodeManaged: 1, platforms: {(
    <DVTPlatform:0xa0afb8480:'com.apple.platform.xros':<DVTFilePath:0xa0b015020:'/Applications/Xcode.app/Contents/Developer/Platforms/XROS.platform'>>,
    <DVTPlatform:0xa0afb8400:'com.apple.platform.watchos':<DVTFilePath:0xa0af344d0:'/Applications/Xcode.app/Contents/Developer/Platforms/WatchOS.platform'>>,
    <DVTPlatform:0xa0afb8380:'com.apple.platform.iphoneos':<DVTFilePath:0xa0af343f0:'/Applications/Xcode.app/Contents/Developer/Platforms/iPhoneOS.platform'>>
)}, filePath: <DVTFilePath:0xa1c44f3e0:'/Users/karthik/Library/Developer/Xcode/UserData/Provisioning Profiles/5e2f8c7b-8527-4324-9508-8bb4930fcaee.mobileprovision'>>
Identity: 0C503102C31CA6DDA05DB306B06448FE27167D4E
Certificate <DVTSigningCertificate: 0x9a665eac0; name='Apple Distribution: Zica Bella Private Limited (94765P9PT9)', hash='0C503102C31CA6DDA05DB306B06448FE27167D4E', serialNumber='736BB4AED16F1E8705A12D5AFBFBCFEE', certificateKinds='(
    "1.2.840.113635.100.6.1.7",
    "1.2.840.113635.100.6.1.4"
), issueDate='2026-05-16 15:51:52 +0000''>>, errors: (null)>
2026-05-16 16:02:00 +0000 [MT] Evaluation for hermesvm.framework is <IDEProvisionableStatusEvaluation 0x9c194faa0: inputs: <IDEProvisionableStatusEvalutorInputs 0xa09aad360: provisionableSnapshot: <IDEProvisionableSnapshot 0x9fcabe5b0: name: hermesvm.framework, configurations: {
    Default = "<_IDEProvisionableConfigurationSnapshot 0xa1bafcaa0: name: Default, provisioningStyle: 0, certificateSigningStyle: 2, team: <IDEProvisioningDisambiguatableBasicTeam: 0xa0e7307c0; teamID='94765P9PT9', teamName='Zica Bella Private Limited', teamType='Company', username='developer@zicabella.com', isFreeProvisioningTeam='0'>, profileSupport: <IDEProvisioningProfileSupport: 0x9a6403fa0>, platform: <DVTPlatform:0xa0afb8380:'com.apple.platform.iphoneos':<DVTFilePath:0xa0af343f0:'/Applications/Xcode.app/Contents/Developer/Platforms/iPhoneOS.platform'>>, sdk: (null), sdkVariant: (null), bundleIdentifier: dev.hermesengine.iphoneos, profileSpecifier: (null), certificateIdentifier: iPhone Distribution, entitlementsFilePath: (null), baseEntitlements: <IDEProvisionableEntitlements: 0x9a658d560; signedEntitlements='{\n}', simulatedEntitlements='(null)'>, entitlementsExpansion: <IDEDistributionProvisioningEntitlementsExpansion: 0x9a6403e90>, entitlementsDestination: 1, allowSigningWithoutTeamSelection: 0, signingRequiresTeam: 0, appIDFeatures: <DVTPortalAppIDFeatures 0x9a65dc5c0: Features: {\n}, Containers: {\n}>, provisioningPurpose: app-store, supportsIOSMac: 0, areFeaturesUpToDate: 0>";
}, overrides: <IDEProvisionableOverrides 0x9a6721500: configuration: Default, profileSupport: <IDEProvisioningProfileSupport: 0xa04335ce0>, provisioningStyle: (null), certificateSigningStyle: (null), provisioningPurpose: app-store, team: (null), platform: <DVTPlatform:0xa0afb8380:'com.apple.platform.iphoneos':<DVTFilePath:0xa0af343f0:'/Applications/Xcode.app/Contents/Developer/Platforms/iPhoneOS.platform'>>, sdk: (null), sdkVariant: (null), profileSpecifier: (null), certificateIdentifier: (null), bundleIdentifier: (null), entitlements: (null), entitlementsFile: (null), baseEntitlements: (null), entitlementsExpansion: (null), entitlementsDestination: (null), allowSigningWithoutTeamSelection: (null), signingRequiresTeam: (null), appIDFeatures: (null)>>>, configuration: Default, codesignParameterSnapshot: <IDECodesignParameterSnapshot: 0x9fcac9890>:
Identity: 0C503102C31CA6DDA05DB306B06448FE27167D4E
Certificate <DVTSigningCertificate: 0x9a665c3c0; name='Apple Distribution: Zica Bella Private Limited (94765P9PT9)', hash='0C503102C31CA6DDA05DB306B06448FE27167D4E', serialNumber='736BB4AED16F1E8705A12D5AFBFBCFEE', certificateKinds='(
    "1.2.840.113635.100.6.1.7",
    "1.2.840.113635.100.6.1.4"
), issueDate='2026-05-16 15:51:52 +0000''>>, errors: (null)>
2026-05-16 16:02:15 +0000  Uploading ZICABELLA with device token 7A863896FDD03E0B0D591CFB7C6A602FAC3A2D768E84039F4E7274FE6DCCAE55
2026-05-16 16:02:15 +0000  Starting upload
2026-05-16 16:02:15 +0000  Alert authorization granted? false (Optional(Error Domain=UNErrorDomain Code=1 "Notifications are not allowed for this application" UserInfo={NSLocalizedDescription=Notifications are not allowed for this application}))
2026-05-16 16:02:18 +0000  Updated message: Making copy of ‘ZicaBella.ipa’…, progress: 0.000000
2026-05-16 16:02:18 +0000  Updated progress: 0.000000 (raw value: 0.000000)
2026-05-16 16:02:18 +0000  Updated message: Preparing to upload ‘ZicaBella.ipa’…, progress: 0.000000
2026-05-16 16:02:38 +0000  Updated message: Analyzing package…, progress: 0.000000
2026-05-16 16:02:40 +0000  Updated message: Sending analysis to App Store Connect…, progress: 0.000000
2026-05-16 16:02:47 +0000  Updated message: Waiting for App Store Connect analysis response…, progress: 0.000000
2026-05-16 16:02:50 +0000  Updated message: Waiting for App Store Connect analysis response…, progress: 0.000000
2026-05-16 16:03:09 +0000  Updated message: Sending SPI analysis to App Store Connect…, progress: 0.000000
2026-05-16 16:03:23 +0000  Updated message: Waiting for App Store Connect SPI analysis response…, progress: 0.000000
2026-05-16 16:03:26 +0000  Updated message: Waiting for App Store Connect SPI analysis response…, progress: 0.000000
2026-05-16 16:03:48 +0000  Updated message: Upload failed.
Missing Info.plist value. The Info.plist key 'BGTaskSchedulerPermittedIdentifiers' must contain a list of identifiers used to submit and handle tasks when 'UIBackgroundModes' has a value of 'processing'. For more information, refer to the Information Property List Key Reference at https://developer.apple.com/library/ios/documentation/General/Reference/InfoPlistKeyReference/Introduction/Introduction.html.
The server’s response was: ‘{
    code = 90771;
    description = "Missing Info.plist value. The Info.plist key 'BGTaskSchedulerPermittedIdentifiers' must contain a list of identifiers used to submit and handle tasks when 'UIBackgroundModes' has a value of 'processing'. For more information, refer to the Information Property List Key Reference at https://developer.apple.com/library/ios/documentation/General/Reference/InfoPlistKeyReference/Introduction/Introduction.html.";
}’., progress: 0.000000
2026-05-16 16:03:48 +0000  Distribution record info for archive: <IDEArchiveDistributionRecord: 0x9a665e100; task='2', distributionDestination='2', uploadDestination='1', teamID='94765P9PT9', signingCertificateSHA1='0C503102C31CA6DDA05DB306B06448FE27167D4E', uniqueIdentifier='26714c8c-3594-41fc-9303-f3ee4d5741bd', packagePath='(null)', preparationEvent='<IDEArchiveDistributionEvent: 0x9fba9c550; title='Prepared archive for uploading', shortTitle='Prepared', date='2026-05-16 16:01:30 +0000', errors='(
)', warnings='(
)', infoMessages='(
)', state='2'>', uploadEvent='<IDEArchiveDistributionEvent: 0x9fba9dae0; title='Upload failed', shortTitle='Upload failed', date='2026-05-16 16:03:48 +0000', errors='(
    "Error Domain=ContentDelivery Code=90771 \"Missing Info.plist value. The Info.plist key 'BGTaskSchedulerPermittedIdentifiers' must contain a list of identifiers used to submit and handle tasks when 'UIBackgroundModes' has a value of 'processing'. For more information, refer to the Information Property List Key Reference at https://developer.apple.com/library/ios/documentation/General/Reference/InfoPlistKeyReference/Introduction/Introduction.html.\" UserInfo={IDEDistributionIssueSeverity=3, NSLocalizedDescription=Missing Info.plist value. The Info.plist key 'BGTaskSchedulerPermittedIdentifiers' must contain a list of identifiers used to submit and handle tasks when 'UIBackgroundModes' has a value of 'processing'. For more information, refer to the Information Property List Key Reference at https://developer.apple.com/library/ios/documentation/General/Reference/InfoPlistKeyReference/Introduction/Introduction.html., NSLocalizedRecoverySuggestion=The server\U2019s response was: \U2018{\n    code = 90771;\n    description = \"Missing Info.plist value. The Info.plist key 'BGTaskSchedulerPermittedIdentifiers' must contain a list of identifiers used to submit and handle tasks when 'UIBackgroundModes' has a value of 'processing'. For more information, refer to the Information Property List Key Reference at https://developer.apple.com/library/ios/documentation/General/Reference/InfoPlistKeyReference/Introduction/Introduction.html.\";\n}\U2019.}"
)', warnings='(
)', infoMessages='(
)', state='5'>', validationEvent='(null)', processingCompletedEvent='(null)'>
2026-05-16 16:03:48 +0000  Step failed: <IDEDistributionResultStep: 0x9a65fe940>: Error Domain=IDEDistributionResultStepErrorDomain Code=-1 "Upload failed with errors" UserInfo={NSLocalizedDescription=Upload failed with errors, IDEDistributionUnderlyingErrors=(
    "Error Domain=ContentDelivery Code=90771 \"error: Missing Info.plist value. The Info.plist key 'BGTaskSchedulerPermittedIdentifiers' must contain a list of identifiers used to submit and handle tasks when 'UIBackgroundModes' has a value of 'processing'. For more information, refer to the Information Property List Key Reference at https://developer.apple.com/library/ios/documentation/General/Reference/InfoPlistKeyReference/Introduction/Introduction.html. The server\U2019s response was: \U2018{\n    code = 90771;\n    description = \"Missing Info.plist value. The Info.plist key 'BGTaskSchedulerPermittedIdentifiers' must contain a list of identifiers used to submit and handle tasks when 'UIBackgroundModes' has a value of 'processing'. For more information, refer to the Information Property List Key Reference at https://developer.apple.com/library/ios/documentation/General/Reference/InfoPlistKeyReference/Introduction/Introduction.html.\";\n}\U2019.\" UserInfo={NSLocalizedDescription=error: Missing Info.plist value. The Info.plist key 'BGTaskSchedulerPermittedIdentifiers' must contain a list of identifiers used to submit and handle tasks when 'UIBackgroundModes' has a value of 'processing'. For more information, refer to the Information Property List Key Reference at https://developer.apple.com/library/ios/documentation/General/Reference/InfoPlistKeyReference/Introduction/Introduction.html. The server\U2019s response was: \U2018{\n    code = 90771;\n    description = \"Missing Info.plist value. The Info.plist key 'BGTaskSchedulerPermittedIdentifiers' must contain a list of identifiers used to submit and handle tasks when 'UIBackgroundModes' has a value of 'processing'. For more information, refer to the Information Property List Key Reference at https://developer.apple.com/library/ios/documentation/General/Reference/InfoPlistKeyReference/Introduction/Introduction.html.\";\n}\U2019.}",
    "Error Domain=IDEDistributionSymbolsStepError Code=1 \"warning: Upload Symbols Failed. The archive did not include a dSYM for the Razorpay.framework with the UUIDs [19E654E6-5CCB-3E47-AD41-522EB05FE6C3]. Ensure that the archive's dSYM folder includes a DWARF file for Razorpay.framework with the expected UUIDs.\" UserInfo={NSLocalizedDescription=warning: Upload Symbols Failed. The archive did not include a dSYM for the Razorpay.framework with the UUIDs [19E654E6-5CCB-3E47-AD41-522EB05FE6C3]. Ensure that the archive's dSYM folder includes a DWARF file for Razorpay.framework with the expected UUIDs.}",
    "Error Domain=IDEDistributionSymbolsStepError Code=1 \"warning: Upload Symbols Failed. The archive did not include a dSYM for the React.framework with the UUIDs [37BB06CE-CAD8-31DD-AEAB-7D1D040D89AC]. Ensure that the archive's dSYM folder includes a DWARF file for React.framework with the expected UUIDs.\" UserInfo={NSLocalizedDescription=warning: Upload Symbols Failed. The archive did not include a dSYM for the React.framework with the UUIDs [37BB06CE-CAD8-31DD-AEAB-7D1D040D89AC]. Ensure that the archive's dSYM folder includes a DWARF file for React.framework with the expected UUIDs.}",
    "Error Domain=IDEDistributionSymbolsStepError Code=1 \"warning: Upload Symbols Failed. The archive did not include a dSYM for the ReactNativeDependencies.framework with the UUIDs [DA0D9188-6498-366D-A909-3F4027C23861]. Ensure that the archive's dSYM folder includes a DWARF file for ReactNativeDependencies.framework with the expected UUIDs.\" UserInfo={NSLocalizedDescription=warning: Upload Symbols Failed. The archive did not include a dSYM for the ReactNativeDependencies.framework with the UUIDs [DA0D9188-6498-366D-A909-3F4027C23861]. Ensure that the archive's dSYM folder includes a DWARF file for ReactNativeDependencies.framework with the expected UUIDs.}",
    "Error Domain=IDEDistributionSymbolsStepError Code=1 \"warning: Upload Symbols Failed. The archive did not include a dSYM for the hermesvm.framework with the UUIDs [B99B4F0D-1B56-3D94-940F-383F4F00C905]. Ensure that the archive's dSYM folder includes a DWARF file for hermesvm.framework with the expected UUIDs.\" UserInfo={NSLocalizedDescription=warning: Upload Symbols Failed. The archive did not include a dSYM for the hermesvm.framework with the UUIDs [B99B4F0D-1B56-3D94-940F-383F4F00C905]. Ensure that the archive's dSYM folder includes a DWARF file for hermesvm.framework with the expected UUIDs.}"
)}
2026-05-16 16:03:48 +0000 [MT] Displaying Upload result for archive ZICABELLA
